sku_id,category,week,price,competitor_price,cost,promo,units_sold
SKU-000001,Apparel,0,107.24,119.51,59.39,0,231
SKU-000001,Apparel,1,93.98,129.43,59.39,0,315
SKU-000001,Apparel,2,111.52,110.78,59.39,0,212
SKU-000001,Apparel,3,110.79,112.8,59.39,0,216
SKU-000001,Apparel,4,97.16,117.85,59.39,0,251
SKU-000001,Apparel,5,104.21,110.0,59.39,0,203
SKU-000001,Apparel,6,113.47,122.69,59.39,0,240
SKU-000001,Apparel,7,117.49,120.93,59.39,0,268
SKU-000001,Apparel,8,125.48,112.31,59.39,0,212
SKU-000001,Apparel,9,115.89,124.68,59.39,0,229
SKU-000001,Apparel,10,103.96,99.4,59.39,1,369
SKU-000001,Apparel,11,105.0,127.57,59.39,0,302
SKU-000001,Apparel,12,117.69,123.26,59.39,0,227
SKU-000001,Apparel,13,120.08,99.13,59.39,0,174
SKU-000001,Apparel,14,122.24,110.25,59.39,0,189
SKU-000001,Apparel,15,103.57,119.79,59.39,0,219
SKU-000001,Apparel,16,107.3,124.55,59.39,1,258
SKU-000001,Apparel,17,120.43,126.3,59.39,0,144
SKU-000001,Apparel,18,123.49,118.52,59.39,0,130
SKU-000001,Apparel,19,128.2,103.22,59.39,0,150
SKU-000001,Apparel,20,96.34,111.46,59.39,1,339
SKU-000001,Apparel,21,131.54,134.25,59.39,0,121
SKU-000001,Apparel,22,121.29,129.57,59.39,0,149
SKU-000001,Apparel,23,116.46,114.04,59.39,0,160
SKU-000001,Apparel,24,117.52,117.04,59.39,0,175
SKU-000001,Apparel,25,99.42,109.83,59.39,0,215
SKU-000002,Apparel,0,21.23,20.0,13.85,1,1199
SKU-000002,Apparel,1,20.48,21.32,13.85,1,932
SKU-000002,Apparel,2,21.64,21.83,13.85,0,780
SKU-000002,Apparel,3,22.28,24.17,13.85,0,676
SKU-000002,Apparel,4,17.95,19.99,13.85,0,970
SKU-000002,Apparel,5,23.56,23.45,13.85,1,1036
SKU-000002,Apparel,6,24.61,22.25,13.85,0,542
SKU-000002,Apparel,7,21.17,20.51,13.85,0,748
SKU-000002,Apparel,8,22.8,21.85,13.85,0,654
SKU-000002,Apparel,9,22.74,24.49,13.85,0,667
SKU-000002,Apparel,10,20.68,26.37,13.85,0,1050
SKU-000002,Apparel,11,27.5,21.03,13.85,0,418
SKU-000002,Apparel,12,23.51,23.45,13.85,0,619
SKU-000002,Apparel,13,19.13,22.16,13.85,0,834
SKU-000002,Apparel,14,21.21,23.59,13.85,0,693
SKU-000002,Apparel,15,22.94,22.62,13.85,0,531
SKU-000002,Apparel,16,21.15,23.16,13.85,0,658
SKU-000002,Apparel,17,19.46,24.1,13.85,0,677
SKU-000002,Apparel,18,21.79,21.46,13.85,0,501
SKU-000002,Apparel,19,19.97,20.98,13.85,0,614
SKU-000002,Apparel,20,19.78,22.47,13.85,0,816
SKU-000002,Apparel,21,19.09,23.33,13.85,0,617
SKU-000002,Apparel,22,22.91,24.32,13.85,0,502
SKU-000002,Apparel,23,24.44,22.74,13.85,0,450
SKU-000002,Apparel,24,21.95,23.62,13.85,0,654
SKU-000002,Apparel,25,21.13,20.58,13.85,0,785
SKU-000003,Apparel,0,133.16,110.75,77.18,0,234
SKU-000003,Apparel,1,123.09,118.47,77.18,0,314
SKU-000003,Apparel,2,143.34,152.31,77.18,0,368
SKU-000003,Apparel,3,128.54,114.4,77.18,0,391
SKU-000003,Apparel,4,126.44,136.57,77.18,1,515
SKU-000003,Apparel,5,113.86,130.97,77.18,0,408
SKU-000003,Apparel,6,145.67,153.04,77.18,0,397
SKU-000003,Apparel,7,145.0,141.13,77.18,0,347
SKU-000003,Apparel,8,142.11,156.74,77.18,0,305
SKU-000003,Apparel,9,140.25,147.47,77.18,0,335
SKU-000003,Apparel,10,154.0,120.62,77.18,0,266
SKU-000003,Apparel,11,117.13,146.96,77.18,0,365
SKU-000003,Apparel,12,140.16,128.78,77.18,0,259
SKU-000003,Apparel,13,135.5,140.26,77.18,0,299
SKU-000003,Apparel,14,138.33,131.07,77.18,0,285
SKU-000003,Apparel,15,135.91,139.2,77.18,0,226
SKU-000003,Apparel,16,153.77,136.93,77.18,0,241
SKU-000003,Apparel,17,125.77,136.31,77.18,0,347
SKU-000003,Apparel,18,112.71,148.28,77.18,0,293
SKU-000003,Apparel,19,129.06,129.41,77.18,1,361
SKU-000003,Apparel,20,137.33,178.13,77.18,0,295
SKU-000003,Apparel,21,127.94,135.37,77.18,0,231
SKU-000003,Apparel,22,138.19,132.89,77.18,0,265
SKU-000003,Apparel,23,123.0,135.18,77.18,0,292
SKU-000003,Apparel,24,120.57,132.93,77.18,0,368
SKU-000003,Apparel,25,133.7,125.47,77.18,0,442
SKU-000004,Apparel,0,120.16,144.13,70.09,0,287
SKU-000004,Apparel,1,124.56,123.09,70.09,1,441
SKU-000004,Apparel,2,128.97,120.06,70.09,0,218
SKU-000004,Apparel,3,121.31,115.91,70.09,0,257
SKU-000004,Apparel,4,92.47,133.95,70.09,0,467
SKU-000004,Apparel,5,135.74,127.89,70.09,1,253
SKU-000004,Apparel,6,119.44,128.86,70.09,0,434
SKU-000004,Apparel,7,140.99,112.53,70.09,0,231
SKU-000004,Apparel,8,122.59,133.37,70.09,0,307
SKU-000004,Apparel,9,105.23,127.99,70.09,0,395
SKU-000004,Apparel,10,128.0,122.33,70.09,0,245
SKU-000004,Apparel,11,131.9,128.54,70.09,0,236
SKU-000004,Apparel,12,145.55,122.49,70.09,0,216
SKU-000004,Apparel,13,115.55,116.3,70.09,0,296
SKU-000004,Apparel,14,130.0,111.58,70.09,0,191
SKU-000004,Apparel,15,143.48,102.24,70.09,0,164
SKU-000004,Apparel,16,127.65,118.72,70.09,0,260
SKU-000004,Apparel,17,126.66,127.84,70.09,0,203
SKU-000004,Apparel,18,129.08,121.44,70.09,0,203
SKU-000004,Apparel,19,119.51,131.16,70.09,0,229
SKU-000004,Apparel,20,141.42,133.65,70.09,0,195
SKU-000004,Apparel,21,120.92,119.41,70.09,0,256
SKU-000004,Apparel,22,123.63,109.67,70.09,0,174
SKU-000004,Apparel,23,124.3,112.15,70.09,0,209
SKU-000004,Apparel,24,121.3,108.11,70.09,0,313
SKU-000004,Apparel,25,105.42,142.84,70.09,0,298
SKU-000005,Apparel,0,127.51,117.28,79.41,1,771
SKU-000005,Apparel,1,110.43,127.86,79.41,0,639
SKU-000005,Apparel,2,150.02,127.65,79.41,0,383
SKU-000005,Apparel,3,126.41,129.16,79.41,0,653
SKU-000005,Apparel,4,134.62,130.38,79.41,0,390
SKU-000005,Apparel,5,130.85,121.63,79.41,0,500
SKU-000005,Apparel,6,132.95,130.36,79.41,1,797
SKU-000005,Apparel,7,154.29,124.91,79.41,0,390
SKU-000005,Apparel,8,112.29,142.7,79.41,0,692
SKU-000005,Apparel,9,130.26,141.02,79.41,0,515
SKU-000005,Apparel,10,145.66,119.88,79.41,0,389
SKU-000005,Apparel,11,106.46,131.29,79.41,0,742
SKU-000005,Apparel,12,116.59,144.01,79.41,1,873
SKU-000005,Apparel,13,123.53,129.03,79.41,0,475
SKU-000005,Apparel,14,126.01,119.79,79.41,0,504
SKU-000005,Apparel,15,126.88,135.01,79.41,0,387
SKU-000005,Apparel,16,120.69,136.2,79.41,0,437
SKU-000005,Apparel,17,141.12,140.98,79.41,0,428
SKU-000005,Apparel,18,127.37,131.21,79.41,0,377
SKU-000005,Apparel,19,141.92,119.78,79.41,0,295
SKU-000005,Apparel,20,128.95,118.59,79.41,0,438
SKU-000005,Apparel,21,145.91,141.53,79.41,1,399
SKU-000005,Apparel,22,125.16,122.87,79.41,0,429
SKU-000005,Apparel,23,130.77,137.67,79.41,1,525
SKU-000005,Apparel,24,120.03,137.78,79.41,0,520
SKU-000005,Apparel,25,146.01,118.78,79.41,1,470
SKU-000006,Apparel,0,137.29,135.75,87.05,0,837
SKU-000006,Apparel,1,141.4,153.51,87.05,0,790
SKU-000006,Apparel,2,136.57,144.84,87.05,1,1421
SKU-000006,Apparel,3,144.52,121.49,87.05,0,770
SKU-000006,Apparel,4,124.57,124.02,87.05,1,1418
SKU-000006,Apparel,5,134.28,127.22,87.05,0,1204
SKU-000006,Apparel,6,134.69,152.89,87.05,0,936
SKU-000006,Apparel,7,133.24,127.64,87.05,0,887
SKU-000006,Apparel,8,156.03,144.61,87.05,0,815
SKU-000006,Apparel,9,159.66,129.61,87.05,0,597
SKU-000006,Apparel,10,140.19,120.89,87.05,0,690
SKU-000006,Apparel,11,105.05,142.52,87.05,0,1468
SKU-000006,Apparel,12,148.53,139.3,87.05,0,793
SKU-000006,Apparel,13,161.1,125.08,87.05,0,543
SKU-000006,Apparel,14,118.55,157.11,87.05,0,1057
SKU-000006,Apparel,15,162.64,138.69,87.05,0,678
SKU-000006,Apparel,16,139.84,141.69,87.05,1,1214
SKU-000006,Apparel,17,149.47,123.44,87.05,0,658
SKU-000006,Apparel,18,124.6,139.72,87.05,0,931
SKU-000006,Apparel,19,120.29,157.3,87.05,0,1015
SKU-000006,Apparel,20,134.15,152.06,87.05,0,841
SKU-000006,Apparel,21,133.87,144.05,87.05,0,707
SKU-000006,Apparel,22,140.01,133.99,87.05,0,663
SKU-000006,Apparel,23,128.02,137.77,87.05,0,1239
SKU-000006,Apparel,24,130.14,141.5,87.05,0,743
SKU-000006,Apparel,25,114.83,125.55,87.05,0,1521
SKU-000007,Apparel,0,139.09,192.09,99.09,0,1069
SKU-000007,Apparel,1,196.02,156.55,99.09,0,747
SKU-000007,Apparel,2,162.39,162.04,99.09,0,802
SKU-000007,Apparel,3,191.07,160.91,99.09,0,729
SKU-000007,Apparel,4,167.87,164.81,99.09,0,721
SKU-000007,Apparel,5,170.52,171.53,99.09,0,824
SKU-000007,Apparel,6,208.06,172.7,99.09,0,799
SKU-000007,Apparel,7,207.01,174.42,99.09,0,712
SKU-000007,Apparel,8,163.6,172.69,99.09,0,1085
SKU-000007,Apparel,9,177.86,182.02,99.09,0,955
SKU-000007,Apparel,10,191.4,171.9,99.09,0,979
SKU-000007,Apparel,11,182.84,174.44,99.09,0,786
SKU-000007,Apparel,12,157.08,186.87,99.09,0,949
SKU-000007,Apparel,13,181.11,175.27,99.09,0,660
SKU-000007,Apparel,14,165.19,194.37,99.09,0,845
SKU-000007,Apparel,15,214.93,169.38,99.09,0,584
SKU-000007,Apparel,16,172.64,158.05,99.09,0,724
SKU-000007,Apparel,17,187.49,191.31,99.09,0,783
SKU-000007,Apparel,18,201.44,162.73,99.09,1,759
SKU-000007,Apparel,19,165.65,172.6,99.09,1,1152
SKU-000007,Apparel,20,146.58,178.24,99.09,0,938
SKU-000007,Apparel,21,166.53,157.58,99.09,0,640
SKU-000007,Apparel,22,168.93,168.73,99.09,0,798
SKU-000007,Apparel,23,182.15,167.76,99.09,0,633
SKU-000007,Apparel,24,193.09,178.85,99.09,0,598
SKU-000007,Apparel,25,170.83,180.15,99.09,0,1003
SKU-000008,Apparel,0,102.74,97.09,63.34,0,752
SKU-000008,Apparel,1,99.54,122.67,63.34,0,717
SKU-000008,Apparel,2,114.56,110.0,63.34,0,514
SKU-000008,Apparel,3,98.23,94.74,63.34,0,658
SKU-000008,Apparel,4,94.42,112.75,63.34,0,727
SKU-000008,Apparel,5,139.61,102.89,63.34,0,487
SKU-000008,Apparel,6,122.37,100.32,63.34,0,418
SKU-000008,Apparel,7,121.93,107.3,63.34,1,683
SKU-000008,Apparel,8,122.84,98.43,63.34,0,419
SKU-000008,Apparel,9,135.33,127.23,63.34,1,684
SKU-000008,Apparel,10,116.33,92.98,63.34,0,487
SKU-000008,Apparel,11,95.39,103.97,63.34,0,862
SKU-000008,Apparel,12,116.81,112.34,63.34,0,594
SKU-000008,Apparel,13,107.6,120.89,63.34,0,472
SKU-000008,Apparel,14,103.84,130.66,63.34,1,920
SKU-000008,Apparel,15,118.97,114.52,63.34,0,442
SKU-000008,Apparel,16,109.74,111.79,63.34,0,489
SKU-000008,Apparel,17,110.43,118.86,63.34,0,505
SKU-000008,Apparel,18,114.54,135.26,63.34,0,583
SKU-000008,Apparel,19,132.45,110.47,63.34,0,385
SKU-000008,Apparel,20,128.93,112.79,63.34,0,382
SKU-000008,Apparel,21,96.54,120.29,63.34,0,602
SKU-000008,Apparel,22,107.35,95.81,63.34,0,509
SKU-000008,Apparel,23,99.37,119.88,63.34,0,684
SKU-000008,Apparel,24,115.23,123.7,63.34,0,570
SKU-000008,Apparel,25,109.88,109.56,63.34,0,599
SKU-000009,Apparel,0,173.36,134.17,87.66,1,307
SKU-000009,Apparel,1,148.82,146.61,87.66,0,325
SKU-000009,Apparel,2,120.48,141.54,87.66,0,464
SKU-000009,Apparel,3,124.43,130.98,87.66,0,528
SKU-000009,Apparel,4,148.39,144.83,87.66,0,279
SKU-000009,Apparel,5,113.63,136.73,87.66,0,609
SKU-000009,Apparel,6,173.48,127.17,87.66,0,270
SKU-000009,Apparel,7,152.33,145.67,87.66,0,315
SKU-000009,Apparel,8,133.6,143.03,87.66,0,438
SKU-000009,Apparel,9,138.55,145.24,87.66,1,469
SKU-000009,Apparel,10,159.79,130.42,87.66,1,302
SKU-000009,Apparel,11,145.39,132.47,87.66,1,409
SKU-000009,Apparel,12,112.62,129.39,87.66,0,528
SKU-000009,Apparel,13,120.96,119.35,87.66,0,414
SKU-000009,Apparel,14,131.51,132.59,87.66,0,422
SKU-000009,Apparel,15,150.89,131.24,87.66,0,245
SKU-000009,Apparel,16,121.47,151.82,87.66,0,459
SKU-000009,Apparel,17,133.47,158.45,87.66,0,362
SKU-000009,Apparel,18,157.96,149.83,87.66,0,209
SKU-000009,Apparel,19,154.88,133.02,87.66,0,226
SKU-000009,Apparel,20,161.81,156.95,87.66,0,216
SKU-000009,Apparel,21,153.5,147.55,87.66,0,311
SKU-000009,Apparel,22,147.18,133.14,87.66,0,215
SKU-000009,Apparel,23,148.63,125.2,87.66,0,213
SKU-000009,Apparel,24,127.07,121.38,87.66,0,319
SKU-000009,Apparel,25,143.41,154.52,87.66,0,326
SKU-000010,Apparel,0,19.02,19.03,12.87,0,675
SKU-000010,Apparel,1,22.8,22.79,12.87,0,349
SKU-000010,Apparel,2,20.52,21.48,12.87,0,668
SKU-000010,Apparel,3,21.47,20.06,12.87,0,564
SKU-000010,Apparel,4,22.0,21.93,12.87,0,541
SKU-000010,Apparel,5,22.1,20.36,12.87,0,565
SKU-000010,Apparel,6,23.11,21.78,12.87,0,566
SKU-000010,Apparel,7,18.09,16.97,12.87,0,848
SKU-000010,Apparel,8,21.71,19.19,12.87,0,629
SKU-000010,Apparel,9,16.52,21.48,12.87,0,1034
SKU-000010,Apparel,10,23.54,21.82,12.87,0,419
SKU-000010,Apparel,11,19.05,22.54,12.87,0,738
SKU-000010,Apparel,12,24.24,21.13,12.87,1,695
SKU-000010,Apparel,13,25.54,24.93,12.87,0,337
SKU-000010,Apparel,14,19.42,21.66,12.87,0,691
SKU-000010,Apparel,15,18.91,22.4,12.87,0,627
SKU-000010,Apparel,16,21.78,21.69,12.87,0,473
SKU-000010,Apparel,17,22.33,20.86,12.87,0,434
SKU-000010,Apparel,18,17.67,22.92,12.87,0,809
SKU-000010,Apparel,19,21.48,21.88,12.87,0,434
SKU-000010,Apparel,20,20.87,19.1,12.87,0,379
SKU-000010,Apparel,21,21.1,23.23,12.87,1,778
SKU-000010,Apparel,22,23.57,24.39,12.87,0,602
SKU-000010,Apparel,23,19.73,22.45,12.87,0,499
SKU-000010,Apparel,24,22.46,24.78,12.87,0,429
SKU-000010,Apparel,25,23.47,23.03,12.87,0,482
SKU-000011,Apparel,0,14.86,14.78,8.08,0,844
SKU-000011,Apparel,1,17.58,15.85,8.08,0,637
SKU-000011,Apparel,2,13.4,14.66,8.08,0,1154
SKU-000011,Apparel,3,14.57,16.19,8.08,0,866
SKU-000011,Apparel,4,14.22,14.22,8.08,0,857
SKU-000011,Apparel,5,14.58,15.85,8.08,0,990
SKU-000011,Apparel,6,13.96,15.14,8.08,0,1238
SKU-000011,Apparel,7,14.63,13.49,8.08,0,985
SKU-000011,Apparel,8,15.46,15.36,8.08,0,907
SKU-000011,Apparel,9,15.23,16.28,8.08,0,644
SKU-000011,Apparel,10,14.49,15.42,8.08,0,1044
SKU-000011,Apparel,11,19.04,16.8,8.08,0,720
SKU-000011,Apparel,12,12.93,16.04,8.08,1,1548
SKU-000011,Apparel,13,15.74,15.5,8.08,0,746
SKU-000011,Apparel,14,14.46,15.27,8.08,0,943
SKU-000011,Apparel,15,12.25,14.66,8.08,0,1016
SKU-000011,Apparel,16,15.63,15.02,8.08,1,1045
SKU-000011,Apparel,17,17.37,13.72,8.08,0,489
SKU-000011,Apparel,18,14.17,15.19,8.08,0,825
SKU-000011,Apparel,19,15.97,13.63,8.08,0,566
SKU-000011,Apparel,20,12.23,14.77,8.08,1,1718
SKU-000011,Apparel,21,13.6,17.18,8.08,0,802
SKU-000011,Apparel,22,14.07,17.51,8.08,0,972
SKU-000011,Apparel,23,16.09,16.11,8.08,1,1216
SKU-000011,Apparel,24,14.34,13.57,8.08,0,790
SKU-000011,Apparel,25,16.02,15.45,8.08,0,733
SKU-000012,Apparel,0,93.89,108.34,59.45,0,962
SKU-000012,Apparel,1,97.83,100.03,59.45,0,797
SKU-000012,Apparel,2,138.86,106.09,59.45,0,476
SKU-000012,Apparel,3,97.53,90.1,59.45,0,969
SKU-000012,Apparel,4,93.4,109.71,59.45,0,1105
SKU-000012,Apparel,5,112.52,114.0,59.45,0,719
SKU-000012,Apparel,6,118.53,105.79,59.45,1,1132
SKU-000012,Apparel,7,105.29,98.94,59.45,0,779
SKU-000012,Apparel,8,99.28,100.39,59.45,0,987
SKU-000012,Apparel,9,86.68,116.28,59.45,0,1710
SKU-000012,Apparel,10,102.54,110.32,59.45,0,1083
SKU-000012,Apparel,11,108.9,100.45,59.45,0,769
SKU-000012,Apparel,12,95.0,106.46,59.45,0,971
SKU-000012,Apparel,13,114.36,116.83,59.45,0,694
SKU-000012,Apparel,14,94.81,115.16,59.45,0,1252
SKU-000012,Apparel,15,108.14,109.3,59.45,0,846
SKU-000012,Apparel,16,112.25,116.04,59.45,0,711
SKU-000012,Apparel,17,99.88,108.34,59.45,0,738
SKU-000012,Apparel,18,87.83,102.59,59.45,0,932
SKU-000012,Apparel,19,104.29,113.42,59.45,0,750
SKU-000012,Apparel,20,100.06,109.78,59.45,0,694
SKU-000012,Apparel,21,93.38,108.72,59.45,1,1606
SKU-000012,Apparel,22,107.39,107.63,59.45,0,859
SKU-000012,Apparel,23,98.7,108.17,59.45,0,861
SKU-000012,Apparel,24,108.06,119.65,59.45,0,720
SKU-000012,Apparel,25,127.48,105.2,59.45,0,464
SKU-000013,Apparel,0,91.06,90.16,46.66,0,957
SKU-000013,Apparel,1,86.3,92.5,46.66,0,1103
SKU-000013,Apparel,2,90.33,97.71,46.66,0,904
SKU-000013,Apparel,3,87.35,83.53,46.66,0,940
SKU-000013,Apparel,4,90.04,82.13,46.66,1,1354
SKU-000013,Apparel,5,92.78,84.24,46.66,0,975
SKU-000013,Apparel,6,94.25,88.8,46.66,0,860
SKU-000013,Apparel,7,87.46,86.01,46.66,0,1195
SKU-000013,Apparel,8,76.35,87.23,46.66,0,1393
SKU-000013,Apparel,9,75.46,98.67,46.66,0,1630
SKU-000013,Apparel,10,100.67,84.06,46.66,0,731
SKU-000013,Apparel,11,101.15,98.37,46.66,1,1036
SKU-000013,Apparel,12,91.31,77.58,46.66,0,759
SKU-000013,Apparel,13,103.99,85.11,46.66,0,584
SKU-000013,Apparel,14,75.08,107.1,46.66,0,1446
SKU-000013,Apparel,15,105.33,85.95,46.66,0,628
SKU-000013,Apparel,16,89.4,81.32,46.66,0,659
SKU-000013,Apparel,17,97.8,87.67,46.66,0,746
SKU-000013,Apparel,18,100.84,100.64,46.66,0,480
SKU-000013,Apparel,19,100.37,92.1,46.66,1,726
SKU-000013,Apparel,20,75.77,82.08,46.66,0,919
SKU-000013,Apparel,21,81.85,85.39,46.66,0,931
SKU-000013,Apparel,22,87.53,99.75,46.66,0,903
SKU-000013,Apparel,23,79.9,92.1,46.66,1,1629
SKU-000013,Apparel,24,84.77,82.61,46.66,0,827
SKU-000013,Apparel,25,98.48,96.47,46.66,0,739
SKU-000014,Apparel,0,94.16,82.41,55.56,0,227
SKU-000014,Apparel,1,79.96,88.29,55.56,0,381
SKU-000014,Apparel,2,86.84,101.49,55.56,0,309
SKU-000014,Apparel,3,76.17,97.32,55.56,0,565
SKU-000014,Apparel,4,103.85,96.78,55.56,0,198
SKU-000014,Apparel,5,91.78,88.96,55.56,0,308
SKU-000014,Apparel,6,66.31,101.48,55.56,0,591
SKU-000014,Apparel,7,85.86,92.76,55.56,0,346
SKU-000014,Apparel,8,81.9,101.77,55.56,0,401
SKU-000014,Apparel,9,96.72,87.19,55.56,0,234
SKU-000014,Apparel,10,93.5,93.58,55.56,0,224
SKU-000014,Apparel,11,92.13,93.63,55.56,0,278
SKU-000014,Apparel,12,80.86,94.95,55.56,0,385
SKU-000014,Apparel,13,93.23,82.56,55.56,0,199
SKU-000014,Apparel,14,95.49,80.27,55.56,0,186
SKU-000014,Apparel,15,100.47,104.83,55.56,0,207
SKU-000014,Apparel,16,82.04,84.9,55.56,0,269
SKU-000014,Apparel,17,91.59,93.3,55.56,1,371
SKU-000014,Apparel,18,106.74,90.61,55.56,0,139
SKU-000014,Apparel,19,78.95,86.09,55.56,0,291
SKU-000014,Apparel,20,99.99,87.86,55.56,0,182
SKU-000014,Apparel,21,91.26,87.07,55.56,0,252
SKU-000014,Apparel,22,93.2,96.67,55.56,1,285
SKU-000014,Apparel,23,107.34,90.59,55.56,0,155
SKU-000014,Apparel,24,85.97,87.64,55.56,0,260
SKU-000014,Apparel,25,84.71,87.87,55.56,1,369
SKU-000015,Apparel,0,114.14,94.64,46.84,0,541
SKU-000015,Apparel,1,95.53,80.7,46.84,0,763
SKU-000015,Apparel,2,95.16,85.7,46.84,0,705
SKU-000015,Apparel,3,86.02,80.43,46.84,0,866
SKU-000015,Apparel,4,73.65,81.85,46.84,0,1022
SKU-000015,Apparel,5,89.71,85.39,46.84,0,737
SKU-000015,Apparel,6,81.29,92.16,46.84,0,985
SKU-000015,Apparel,7,90.76,89.77,46.84,1,1498
SKU-000015,Apparel,8,84.05,91.42,46.84,0,927
SKU-000015,Apparel,9,77.84,93.4,46.84,0,1154
SKU-000015,Apparel,10,87.63,88.5,46.84,0,916
SKU-000015,Apparel,11,72.97,88.13,46.84,1,1592
SKU-000015,Apparel,12,93.81,86.47,46.84,0,790
SKU-000015,Apparel,13,84.98,85.42,46.84,0,999
SKU-000015,Apparel,14,93.26,91.69,46.84,0,778
SKU-000015,Apparel,15,76.66,91.65,46.84,0,1135
SKU-000015,Apparel,16,73.7,97.24,46.84,1,1111
SKU-000015,Apparel,17,85.12,98.97,46.84,0,605
SKU-000015,Apparel,18,82.76,80.26,46.84,0,645
SKU-000015,Apparel,19,104.79,89.1,46.84,0,484
SKU-000015,Apparel,20,93.16,93.16,46.84,0,785
SKU-000015,Apparel,21,78.21,86.21,46.84,1,1456
SKU-000015,Apparel,22,84.18,90.18,46.84,0,755
SKU-000015,Apparel,23,97.54,95.77,46.84,0,646
SKU-000015,Apparel,24,95.51,87.94,46.84,0,517
SKU-000015,Apparel,25,79.48,98.93,46.84,0,886
SKU-000016,Apparel,0,143.22,145.69,84.05,1,634
SKU-000016,Apparel,1,139.63,154.48,84.05,0,518
SKU-000016,Apparel,2,153.34,146.53,84.05,0,511
SKU-000016,Apparel,3,131.45,184.95,84.05,0,753
SKU-000016,Apparel,4,125.67,141.72,84.05,0,780
SKU-000016,Apparel,5,153.75,140.95,84.05,0,573
SKU-000016,Apparel,6,127.87,155.82,84.05,0,865
SKU-000016,Apparel,7,146.9,149.63,84.05,0,591
SKU-000016,Apparel,8,124.66,158.4,84.05,0,920
SKU-000016,Apparel,9,138.3,124.61,84.05,0,687
SKU-000016,Apparel,10,133.92,142.08,84.05,0,608
SKU-000016,Apparel,11,139.55,143.91,84.05,0,570
SKU-000016,Apparel,12,136.74,146.31,84.05,0,625
SKU-000016,Apparel,13,172.38,148.89,84.05,0,361
SKU-000016,Apparel,14,160.46,134.94,84.05,0,400
SKU-000016,Apparel,15,154.03,133.63,84.05,0,419
SKU-000016,Apparel,16,124.4,143.77,84.05,0,574
SKU-000016,Apparel,17,126.99,152.55,84.05,0,711
SKU-000016,Apparel,18,140.07,148.63,84.05,1,752
SKU-000016,Apparel,19,179.44,145.16,84.05,0,316
SKU-000016,Apparel,20,153.53,135.88,84.05,0,417
SKU-000016,Apparel,21,132.33,157.18,84.05,0,589
SKU-000016,Apparel,22,143.54,142.56,84.05,0,522
SKU-000016,Apparel,23,197.46,133.15,84.05,0,258
SKU-000016,Apparel,24,132.11,149.81,84.05,0,578
SKU-000016,Apparel,25,163.85,124.56,84.05,0,404
SKU-000017,Apparel,0,59.59,72.32,37.88,0,515
SKU-000017,Apparel,1,66.71,66.8,37.88,0,401
SKU-000017,Apparel,2,66.6,66.23,37.88,0,421
SKU-000017,Apparel,3,75.49,59.68,37.88,0,361
SKU-000017,Apparel,4,70.5,64.91,37.88,0,380
SKU-000017,Apparel,5,77.38,69.83,37.88,0,442
SKU-000017,Apparel,6,62.97,64.69,37.88,0,649
SKU-000017,Apparel,7,82.53,63.52,37.88,1,546
SKU-000017,Apparel,8,83.77,56.62,37.88,0,322
SKU-000017,Apparel,9,58.46,70.86,37.88,0,742
SKU-000017,Apparel,10,63.93,70.9,37.88,0,606
SKU-000017,Apparel,11,68.84,66.53,37.88,0,554
SKU-000017,Apparel,12,75.7,73.56,37.88,0,355
SKU-000017,Apparel,13,80.06,72.77,37.88,1,499
SKU-000017,Apparel,14,68.72,67.48,37.88,1,670
SKU-000017,Apparel,15,71.88,67.51,37.88,0,342
SKU-000017,Apparel,16,67.76,73.53,37.88,0,467
SKU-000017,Apparel,17,68.77,64.65,37.88,1,482
SKU-000017,Apparel,18,58.44,67.81,37.88,0,542
SKU-000017,Apparel,19,67.77,62.58,37.88,0,394
SKU-000017,Apparel,20,66.11,67.24,37.88,0,467
SKU-000017,Apparel,21,70.48,77.99,37.88,0,392
SKU-000017,Apparel,22,77.03,67.16,37.88,1,407
SKU-000017,Apparel,23,59.98,67.94,37.88,0,556
SKU-000017,Apparel,24,67.87,59.01,37.88,0,473
SKU-000017,Apparel,25,56.59,64.71,37.88,0,492
SKU-000018,Apparel,0,21.7,24.97,14.05,0,793
SKU-000018,Apparel,1,25.74,26.24,14.05,0,742
SKU-000018,Apparel,2,25.62,23.03,14.05,0,665
SKU-000018,Apparel,3,26.73,23.68,14.05,0,704
SKU-000018,Apparel,4,25.25,27.42,14.05,0,695
SKU-000018,Apparel,5,26.37,24.38,14.05,0,692
SKU-000018,Apparel,6,23.37,24.91,14.05,0,856
SKU-000018,Apparel,7,25.88,22.74,14.05,0,703
SKU-000018,Apparel,8,25.93,25.14,14.05,0,713
SKU-000018,Apparel,9,24.53,26.48,14.05,0,751
SKU-000018,Apparel,10,20.77,25.19,14.05,0,1332
SKU-000018,Apparel,11,20.59,28.3,14.05,0,1190
SKU-000018,Apparel,12,24.05,25.37,14.05,0,699
SKU-000018,Apparel,13,27.53,24.86,14.05,0,491
SKU-000018,Apparel,14,23.57,24.79,14.05,1,843
SKU-000018,Apparel,15,21.0,25.0,14.05,0,993
SKU-000018,Apparel,16,28.31,27.68,14.05,0,504
SKU-000018,Apparel,17,19.01,23.86,14.05,1,1105
SKU-000018,Apparel,18,20.19,22.58,14.05,0,904
SKU-000018,Apparel,19,32.16,28.11,14.05,0,280
SKU-000018,Apparel,20,25.22,27.3,14.05,0,563
SKU-000018,Apparel,21,23.77,25.17,14.05,0,621
SKU-000018,Apparel,22,27.66,25.26,14.05,1,815
SKU-000018,Apparel,23,22.49,23.11,14.05,1,1226
SKU-000018,Apparel,24,25.34,27.44,14.05,0,670
SKU-000018,Apparel,25,23.42,26.55,14.05,0,768
SKU-000019,Apparel,0,119.83,136.4,64.9,0,666
SKU-000019,Apparel,1,109.35,117.09,64.9,1,1148
SKU-000019,Apparel,2,105.86,105.99,64.9,0,702
SKU-000019,Apparel,3,91.52,129.54,64.9,0,919
SKU-000019,Apparel,4,121.31,109.5,64.9,1,1079
SKU-000019,Apparel,5,99.61,86.73,64.9,0,840
SKU-000019,Apparel,6,120.43,103.31,64.9,0,693
SKU-000019,Apparel,7,105.55,107.59,64.9,0,661
SKU-000019,Apparel,8,127.64,101.95,64.9,0,566
SKU-000019,Apparel,9,101.48,114.55,64.9,0,1084
SKU-000019,Apparel,10,115.44,105.87,64.9,0,553
SKU-000019,Apparel,11,109.43,114.4,64.9,1,905
SKU-000019,Apparel,12,93.7,125.26,64.9,0,824
SKU-000019,Apparel,13,96.09,109.73,64.9,0,836
SKU-000019,Apparel,14,122.56,111.55,64.9,0,620
SKU-000019,Apparel,15,104.62,112.12,64.9,0,607
SKU-000019,Apparel,16,115.93,102.49,64.9,0,499
SKU-000019,Apparel,17,107.54,104.87,64.9,0,626
SKU-000019,Apparel,18,109.27,124.74,64.9,0,595
SKU-000019,Apparel,19,82.33,109.14,64.9,0,1010
SKU-000019,Apparel,20,111.11,101.76,64.9,0,579
SKU-000019,Apparel,21,105.3,99.69,64.9,0,543
SKU-000019,Apparel,22,103.25,110.81,64.9,0,575
SKU-000019,Apparel,23,122.35,100.55,64.9,0,476
SKU-000019,Apparel,24,109.27,109.51,64.9,0,630
SKU-000019,Apparel,25,101.94,95.42,64.9,0,586
SKU-000020,Apparel,0,50.82,55.68,30.78,0,319
SKU-000020,Apparel,1,47.45,60.58,30.78,0,362
SKU-000020,Apparel,2,59.78,52.39,30.78,0,245
SKU-000020,Apparel,3,53.62,56.54,30.78,0,341
SKU-000020,Apparel,4,49.05,48.78,30.78,0,371
SKU-000020,Apparel,5,59.95,51.12,30.78,0,292
SKU-000020,Apparel,6,47.45,57.7,30.78,0,449
SKU-000020,Apparel,7,46.99,59.8,30.78,0,453
SKU-000020,Apparel,8,49.93,52.9,30.78,0,325
SKU-000020,Apparel,9,56.16,55.85,30.78,0,351
SKU-000020,Apparel,10,44.84,56.23,30.78,0,365
SKU-000020,Apparel,11,56.53,57.58,30.78,0,242
SKU-000020,Apparel,12,57.2,60.38,30.78,0,306
SKU-000020,Apparel,13,59.59,58.74,30.78,0,231
SKU-000020,Apparel,14,51.91,57.56,30.78,1,528
SKU-000020,Apparel,15,61.33,56.02,30.78,0,186
SKU-000020,Apparel,16,52.75,53.29,30.78,0,217
SKU-000020,Apparel,17,52.82,55.98,30.78,0,245
SKU-000020,Apparel,18,44.02,56.98,30.78,0,383
SKU-000020,Apparel,19,56.87,47.71,30.78,0,200
SKU-000020,Apparel,20,55.93,48.1,30.78,0,215
SKU-000020,Apparel,21,53.2,56.76,30.78,0,245
SKU-000020,Apparel,22,50.55,62.05,30.78,0,265
SKU-000020,Apparel,23,69.79,56.57,30.78,0,179
SKU-000020,Apparel,24,53.29,56.83,30.78,0,237
SKU-000020,Apparel,25,54.03,57.24,30.78,0,300
SKU-000021,Apparel,0,75.64,58.63,36.26,0,817
SKU-000021,Apparel,1,56.59,77.35,36.26,0,1044
SKU-000021,Apparel,2,79.95,77.13,36.26,0,521
SKU-000021,Apparel,3,58.74,72.41,36.26,0,1042
SKU-000021,Apparel,4,69.49,70.58,36.26,0,782
SKU-000021,Apparel,5,57.62,76.69,36.26,0,1170
SKU-000021,Apparel,6,76.52,65.02,36.26,0,596
SKU-000021,Apparel,7,65.14,68.09,36.26,0,741
SKU-000021,Apparel,8,73.57,65.11,36.26,0,636
SKU-000021,Apparel,9,62.96,70.61,36.26,0,750
SKU-000021,Apparel,10,65.67,76.43,36.26,0,779
SKU-000021,Apparel,11,68.69,61.87,36.26,0,584
SKU-000021,Apparel,12,70.13,71.85,36.26,0,719
SKU-000021,Apparel,13,59.72,71.98,36.26,0,811
SKU-000021,Apparel,14,74.24,66.21,36.26,0,594
SKU-000021,Apparel,15,58.24,76.68,36.26,0,872
SKU-000021,Apparel,16,64.32,70.74,36.26,0,709
SKU-000021,Apparel,17,77.84,69.76,36.26,0,367
SKU-000021,Apparel,18,65.7,66.64,36.26,0,608
SKU-000021,Apparel,19,61.94,63.67,36.26,0,810
SKU-000021,Apparel,20,81.68,74.73,36.26,0,426
SKU-000021,Apparel,21,58.97,72.31,36.26,0,754
SKU-000021,Apparel,22,66.88,66.85,36.26,1,1013
SKU-000021,Apparel,23,92.2,72.86,36.26,0,416
SKU-000021,Apparel,24,65.27,81.31,36.26,0,797
SKU-000021,Apparel,25,66.79,71.52,36.26,0,765
SKU-000022,Apparel,0,108.75,98.84,50.23,1,226
SKU-000022,Apparel,1,96.2,86.4,50.23,0,272
SKU-000022,Apparel,2,106.73,84.88,50.23,0,205
SKU-000022,Apparel,3,93.6,85.99,50.23,1,403
SKU-000022,Apparel,4,91.41,91.75,50.23,0,411
SKU-000022,Apparel,5,90.22,98.33,50.23,0,280
SKU-000022,Apparel,6,89.31,106.55,50.23,1,466
SKU-000022,Apparel,7,82.72,89.92,50.23,0,324
SKU-000022,Apparel,8,83.02,90.84,50.23,0,389
SKU-000022,Apparel,9,89.43,96.7,50.23,0,346
SKU-000022,Apparel,10,78.87,97.81,50.23,0,458
SKU-000022,Apparel,11,82.52,103.86,50.23,0,296
SKU-000022,Apparel,12,108.04,91.55,50.23,0,182
SKU-000022,Apparel,13,105.46,104.28,50.23,0,242
SKU-000022,Apparel,14,80.27,83.3,50.23,0,272
SKU-000022,Apparel,15,98.96,96.65,50.23,0,192
SKU-000022,Apparel,16,84.21,88.77,50.23,0,317
SKU-000022,Apparel,17,108.04,88.17,50.23,0,207
SKU-000022,Apparel,18,103.31,97.16,50.23,0,158
SKU-000022,Apparel,19,95.91,90.91,50.23,0,224
SKU-000022,Apparel,20,97.12,87.24,50.23,0,201
SKU-000022,Apparel,21,88.6,93.55,50.23,0,236
SKU-000022,Apparel,22,104.43,85.47,50.23,0,170
SKU-000022,Apparel,23,110.8,93.67,50.23,0,144
SKU-000022,Apparel,24,98.5,98.45,50.23,0,207
SKU-000022,Apparel,25,94.07,99.91,50.23,0,277
SKU-000023,Apparel,0,121.37,100.63,58.55,0,304
SKU-000023,Apparel,1,93.44,102.07,58.55,0,520
SKU-000023,Apparel,2,107.36,98.05,58.55,0,496
SKU-000023,Apparel,3,93.02,101.89,58.55,0,628
SKU-000023,Apparel,4,80.36,98.57,58.55,0,834
SKU-000023,Apparel,5,73.29,95.15,58.55,0,1059
SKU-000023,Apparel,6,106.85,87.7,58.55,0,582
SKU-000023,Apparel,7,83.87,89.69,58.55,1,1041
SKU-000023,Apparel,8,96.47,78.35,58.55,0,517
SKU-000023,Apparel,9,85.43,103.25,58.55,0,892
SKU-000023,Apparel,10,99.9,93.19,58.55,0,552
SKU-000023,Apparel,11,89.96,83.96,58.55,1,868
SKU-000023,Apparel,12,92.41,110.25,58.55,1,835
SKU-000023,Apparel,13,98.59,89.04,58.55,1,645
SKU-000023,Apparel,14,74.7,82.84,58.55,1,1010
SKU-000023,Apparel,15,93.49,84.87,58.55,0,541
SKU-000023,Apparel,16,95.58,91.69,58.55,0,441
SKU-000023,Apparel,17,91.37,104.86,58.55,0,607
SKU-000023,Apparel,18,84.59,89.72,58.55,0,543
SKU-000023,Apparel,19,95.68,97.98,58.55,1,751
SKU-000023,Apparel,20,112.23,101.24,58.55,0,345
SKU-000023,Apparel,21,84.72,100.29,58.55,0,608
SKU-000023,Apparel,22,78.76,118.67,58.55,0,739
SKU-000023,Apparel,23,104.61,85.53,58.55,0,303
SKU-000023,Apparel,24,81.96,81.8,58.55,0,620
SKU-000023,Apparel,25,91.7,105.89,58.55,0,555
SKU-000024,Apparel,0,29.87,30.63,19.13,1,468
SKU-000024,Apparel,1,31.88,31.11,19.13,0,325
SKU-000024,Apparel,2,26.78,30.8,19.13,0,383
SKU-000024,Apparel,3,33.52,32.06,19.13,0,330
SKU-000024,Apparel,4,31.86,32.55,19.13,1,424
SKU-000024,Apparel,5,27.89,35.74,19.13,0,474
SKU-000024,Apparel,6,31.44,29.93,19.13,0,381
SKU-000024,Apparel,7,29.76,35.44,19.13,0,418
SKU-000024,Apparel,8,30.23,31.03,19.13,0,415
SKU-000024,Apparel,9,39.09,28.45,19.13,1,345
SKU-000024,Apparel,10,28.23,29.67,19.13,0,317
SKU-000024,Apparel,11,33.0,31.1,19.13,0,272
SKU-000024,Apparel,12,31.7,37.6,19.13,0,345
SKU-000024,Apparel,13,29.34,32.12,19.13,1,500
SKU-000024,Apparel,14,28.24,29.24,19.13,0,378
SKU-000024,Apparel,15,32.39,29.59,19.13,0,213
SKU-000024,Apparel,16,34.0,31.14,19.13,1,375
SKU-000024,Apparel,17,29.65,33.74,19.13,0,373
SKU-000024,Apparel,18,29.71,32.02,19.13,0,270
SKU-000024,Apparel,19,29.11,30.44,19.13,0,408
SKU-000024,Apparel,20,29.22,26.54,19.13,0,236
SKU-000024,Apparel,21,29.28,31.31,19.13,0,270
SKU-000024,Apparel,22,25.68,31.73,19.13,0,473
SKU-000024,Apparel,23,34.43,29.17,19.13,0,219
SKU-000024,Apparel,24,33.44,27.35,19.13,0,310
SKU-000024,Apparel,25,30.72,31.85,19.13,0,268
SKU-000025,Apparel,0,134.58,170.72,100.61,0,229
SKU-000025,Apparel,1,151.52,153.25,100.61,0,192
SKU-000025,Apparel,2,158.28,160.57,100.61,0,199
SKU-000025,Apparel,3,128.49,153.28,100.61,0,293
SKU-000025,Apparel,4,186.81,152.58,100.61,0,142
SKU-000025,Apparel,5,171.29,157.65,100.61,0,219
SKU-000025,Apparel,6,159.66,163.29,100.61,0,239
SKU-000025,Apparel,7,140.52,162.24,100.61,0,316
SKU-000025,Apparel,8,209.2,164.12,100.61,1,232
SKU-000025,Apparel,9,183.5,160.71,100.61,0,160
SKU-000025,Apparel,10,152.5,133.09,100.61,0,198
SKU-000025,Apparel,11,177.03,137.67,100.61,0,159
SKU-000025,Apparel,12,116.73,172.66,100.61,0,228
SKU-000025,Apparel,13,177.02,162.68,100.61,0,160
SKU-000025,Apparel,14,160.16,166.92,100.61,0,179
SKU-000025,Apparel,15,164.83,147.33,100.61,0,153
SKU-000025,Apparel,16,197.53,165.32,100.61,0,112
SKU-000025,Apparel,17,176.7,162.85,100.61,0,164
SKU-000025,Apparel,18,196.53,159.67,100.61,0,131
SKU-000025,Apparel,19,151.23,207.74,100.61,0,227
SKU-000025,Apparel,20,144.41,165.19,100.61,0,205
SKU-000025,Apparel,21,155.88,201.76,100.61,0,184
SKU-000025,Apparel,22,154.86,162.15,100.61,0,159
SKU-000025,Apparel,23,165.11,155.15,100.61,0,165
SKU-000025,Apparel,24,179.47,173.46,100.61,0,151
SKU-000025,Apparel,25,180.89,151.14,100.61,0,215
SKU-000026,Apparel,0,96.98,90.02,50.52,0,218
SKU-000026,Apparel,1,87.84,83.3,50.52,0,191
SKU-000026,Apparel,2,93.42,89.93,50.52,0,237
SKU-000026,Apparel,3,78.93,97.77,50.52,0,383
SKU-000026,Apparel,4,91.44,88.49,50.52,0,243
SKU-000026,Apparel,5,88.34,89.11,50.52,0,222
SKU-000026,Apparel,6,85.93,88.69,50.52,0,311
SKU-000026,Apparel,7,88.43,91.57,50.52,0,274
SKU-000026,Apparel,8,104.37,83.82,50.52,0,172
SKU-000026,Apparel,9,95.3,102.06,50.52,0,224
SKU-000026,Apparel,10,100.66,81.74,50.52,0,165
SKU-000026,Apparel,11,89.7,92.09,50.52,0,274
SKU-000026,Apparel,12,83.57,88.91,50.52,0,246
SKU-000026,Apparel,13,89.62,93.16,50.52,0,207
SKU-000026,Apparel,14,95.82,83.88,50.52,0,153
SKU-000026,Apparel,15,81.93,82.33,50.52,0,194
SKU-000026,Apparel,16,92.4,83.76,50.52,0,187
SKU-000026,Apparel,17,82.16,96.76,50.52,0,205
SKU-000026,Apparel,18,117.31,84.4,50.52,0,93
SKU-000026,Apparel,19,89.25,78.29,50.52,1,186
SKU-000026,Apparel,20,74.09,81.06,50.52,0,212
SKU-000026,Apparel,21,97.36,87.1,50.52,1,194
SKU-000026,Apparel,22,90.22,73.71,50.52,0,149
SKU-000026,Apparel,23,69.33,98.85,50.52,0,324
SKU-000026,Apparel,24,100.26,78.47,50.52,0,124
SKU-000026,Apparel,25,79.53,88.6,50.52,0,226
SKU-000027,Apparel,0,152.34,197.97,88.36,0,132
SKU-000027,Apparel,1,156.65,175.71,88.36,0,125
SKU-000027,Apparel,2,195.55,159.36,88.36,0,77
SKU-000027,Apparel,3,155.8,152.89,88.36,0,145
SKU-000027,Apparel,4,169.14,181.92,88.36,0,101
SKU-000027,Apparel,5,162.38,170.54,88.36,0,98
SKU-000027,Apparel,6,149.59,181.96,88.36,0,117
SKU-000027,Apparel,7,192.54,174.45,88.36,0,71
SKU-000027,Apparel,8,188.53,170.38,88.36,0,85
SKU-000027,Apparel,9,123.99,144.65,88.36,0,180
SKU-000027,Apparel,10,161.75,170.0,88.36,0,100
SKU-000027,Apparel,11,156.7,159.14,88.36,0,92
SKU-000027,Apparel,12,174.2,165.59,88.36,0,85
SKU-000027,Apparel,13,168.23,161.6,88.36,0,113
SKU-000027,Apparel,14,164.1,157.49,88.36,0,83
SKU-000027,Apparel,15,180.21,183.33,88.36,0,50
SKU-000027,Apparel,16,167.04,198.87,88.36,0,108
SKU-000027,Apparel,17,198.23,152.77,88.36,0,53
SKU-000027,Apparel,18,185.52,196.42,88.36,0,76
SKU-000027,Apparel,19,180.56,166.32,88.36,0,59
SKU-000027,Apparel,20,202.43,163.8,88.36,0,48
SKU-000027,Apparel,21,171.44,172.63,88.36,0,64
SKU-000027,Apparel,22,160.39,188.6,88.36,0,89
SKU-000027,Apparel,23,210.53,188.79,88.36,0,51
SKU-000027,Apparel,24,174.3,182.01,88.36,0,88
SKU-000027,Apparel,25,146.0,161.04,88.36,0,106
SKU-000028,Apparel,0,47.03,44.65,27.49,1,598
SKU-000028,Apparel,1,47.72,47.36,27.49,0,484
SKU-000028,Apparel,2,54.03,46.36,27.49,1,540
SKU-000028,Apparel,3,56.55,45.68,27.49,0,374
SKU-000028,Apparel,4,43.56,50.93,27.49,1,806
SKU-000028,Apparel,5,48.91,54.69,27.49,1,707
SKU-000028,Apparel,6,48.93,52.31,27.49,0,626
SKU-000028,Apparel,7,53.8,57.25,27.49,1,564
SKU-000028,Apparel,8,39.68,53.94,27.49,1,1132
SKU-000028,Apparel,9,53.88,45.02,27.49,0,364
SKU-000028,Apparel,10,53.72,44.58,27.49,0,480
SKU-000028,Apparel,11,50.61,51.02,27.49,0,512
SKU-000028,Apparel,12,49.77,49.03,27.49,0,455
SKU-000028,Apparel,13,53.26,50.77,27.49,1,493
SKU-000028,Apparel,14,50.24,51.79,27.49,0,478
SKU-000028,Apparel,15,51.87,54.16,27.49,0,460
SKU-000028,Apparel,16,44.83,44.9,27.49,0,435
SKU-000028,Apparel,17,51.33,49.66,27.49,0,425
SKU-000028,Apparel,18,44.52,51.47,27.49,0,404
SKU-000028,Apparel,19,53.2,49.77,27.49,0,436
SKU-000028,Apparel,20,56.95,55.01,27.49,0,280
SKU-000028,Apparel,21,56.49,49.14,27.49,0,297
SKU-000028,Apparel,22,50.35,61.06,27.49,0,412
SKU-000028,Apparel,23,50.86,51.5,27.49,0,308
SKU-000028,Apparel,24,47.0,49.47,27.49,0,444
SKU-000028,Apparel,25,45.32,48.73,27.49,0,413
SKU-000029,Apparel,0,139.21,149.88,86.71,0,713
SKU-000029,Apparel,1,133.13,143.21,86.71,0,622
SKU-000029,Apparel,2,128.6,139.6,86.71,0,676
SKU-000029,Apparel,3,121.0,133.22,86.71,0,932
SKU-000029,Apparel,4,132.42,137.19,86.71,0,699
SKU-000029,Apparel,5,126.69,135.87,86.71,0,800
SKU-000029,Apparel,6,139.51,129.87,86.71,0,559
SKU-000029,Apparel,7,154.56,158.0,86.71,0,692
SKU-000029,Apparel,8,135.2,137.53,86.71,0,671
SKU-000029,Apparel,9,133.07,141.79,86.71,0,667
SKU-000029,Apparel,10,124.55,140.28,86.71,0,785
SKU-000029,Apparel,11,148.95,138.43,86.71,1,911
SKU-000029,Apparel,12,155.0,139.83,86.71,0,445
SKU-000029,Apparel,13,144.77,150.64,86.71,0,588
SKU-000029,Apparel,14,141.63,137.06,86.71,0,510
SKU-000029,Apparel,15,125.57,152.95,86.71,1,1161
SKU-000029,Apparel,16,132.88,144.09,86.71,0,493
SKU-000029,Apparel,17,122.64,149.82,86.71,0,482
SKU-000029,Apparel,18,129.97,129.96,86.71,0,634
SKU-000029,Apparel,19,132.17,165.85,86.71,0,549
SKU-000029,Apparel,20,163.39,152.34,86.71,0,468
SKU-000029,Apparel,21,155.57,155.77,86.71,0,385
SKU-000029,Apparel,22,146.4,143.81,86.71,0,472
SKU-000029,Apparel,23,156.54,166.09,86.71,0,515
SKU-000029,Apparel,24,147.59,152.48,86.71,0,446
SKU-000029,Apparel,25,143.22,142.96,86.71,1,773
SKU-000030,Apparel,0,97.66,108.42,58.0,0,164
SKU-000030,Apparel,1,95.59,97.43,58.0,0,112
SKU-000030,Apparel,2,133.93,98.99,58.0,0,69
SKU-000030,Apparel,3,99.7,87.57,58.0,0,118
SKU-000030,Apparel,4,99.0,92.65,58.0,0,114
SKU-000030,Apparel,5,103.27,96.25,58.0,0,129
SKU-000030,Apparel,6,105.34,103.75,58.0,0,138
SKU-000030,Apparel,7,96.86,108.16,58.0,0,162
SKU-000030,Apparel,8,102.47,105.29,58.0,0,145
SKU-000030,Apparel,9,105.36,106.17,58.0,1,194
SKU-000030,Apparel,10,83.49,87.8,58.0,0,160
SKU-000030,Apparel,11,120.11,110.46,58.0,1,133
SKU-000030,Apparel,12,108.31,114.93,58.0,1,165
SKU-000030,Apparel,13,104.82,97.56,58.0,0,94
SKU-000030,Apparel,14,108.1,102.75,58.0,0,121
SKU-000030,Apparel,15,98.18,114.05,58.0,0,143
SKU-000030,Apparel,16,97.11,93.36,58.0,0,108
SKU-000030,Apparel,17,92.59,114.39,58.0,0,118
SKU-000030,Apparel,18,101.59,102.15,58.0,0,146
SKU-000030,Apparel,19,100.01,108.35,58.0,0,92
SKU-000030,Apparel,20,98.54,106.88,58.0,0,97
SKU-000030,Apparel,21,107.9,102.36,58.0,0,73
SKU-000030,Apparel,22,110.45,100.09,58.0,0,67
SKU-000030,Apparel,23,93.67,110.41,58.0,0,113
SKU-000030,Apparel,24,97.5,109.36,58.0,0,110
SKU-000030,Apparel,25,102.4,102.05,58.0,1,181
SKU-000031,Apparel,0,80.11,105.93,50.07,0,1338
SKU-000031,Apparel,1,81.64,96.88,50.07,0,1029
SKU-000031,Apparel,2,82.69,83.23,50.07,0,1083
SKU-000031,Apparel,3,89.4,90.67,50.07,1,1030
SKU-000031,Apparel,4,73.95,85.05,50.07,0,1068
SKU-000031,Apparel,5,95.69,93.02,50.07,0,702
SKU-000031,Apparel,6,86.51,89.06,50.07,0,754
SKU-000031,Apparel,7,107.0,93.81,50.07,0,919
SKU-000031,Apparel,8,98.75,92.53,50.07,0,917
SKU-000031,Apparel,9,102.29,89.77,50.07,0,901
SKU-000031,Apparel,10,66.7,89.9,50.07,0,1453
SKU-000031,Apparel,11,86.77,91.71,50.07,0,988
SKU-000031,Apparel,12,88.98,88.33,50.07,0,851
SKU-000031,Apparel,13,97.51,78.03,50.07,0,756
SKU-000031,Apparel,14,77.84,86.26,50.07,0,1038
SKU-000031,Apparel,15,80.92,70.34,50.07,0,843
SKU-000031,Apparel,16,93.95,105.18,50.07,0,821
SKU-000031,Apparel,17,82.53,88.84,50.07,0,811
SKU-000031,Apparel,18,95.32,93.32,50.07,0,653
SKU-000031,Apparel,19,101.46,82.68,50.07,0,740
SKU-000031,Apparel,20,94.36,91.11,50.07,0,717
SKU-000031,Apparel,21,88.31,87.84,50.07,0,801
SKU-000031,Apparel,22,103.15,86.91,50.07,1,817
SKU-000031,Apparel,23,90.9,84.47,50.07,0,772
SKU-000031,Apparel,24,80.13,70.43,50.07,0,993
SKU-000031,Apparel,25,87.85,90.33,50.07,0,931
SKU-000032,Apparel,0,55.6,53.02,27.76,0,698
SKU-000032,Apparel,1,51.54,53.47,27.76,0,744
SKU-000032,Apparel,2,49.31,51.08,27.76,0,888
SKU-000032,Apparel,3,52.1,58.09,27.76,0,945
SKU-000032,Apparel,4,52.63,52.86,27.76,0,709
SKU-000032,Apparel,5,45.65,57.54,27.76,0,1231
SKU-000032,Apparel,6,57.58,51.45,27.76,0,612
SKU-000032,Apparel,7,58.75,54.12,27.76,1,1000
SKU-000032,Apparel,8,52.62,63.07,27.76,0,1023
SKU-000032,Apparel,9,61.02,48.88,27.76,0,551
SKU-000032,Apparel,10,57.85,48.65,27.76,0,535
SKU-000032,Apparel,11,51.3,60.01,27.76,0,656
SKU-000032,Apparel,12,46.11,48.9,27.76,0,888
SKU-000032,Apparel,13,45.39,58.57,27.76,0,1002
SKU-000032,Apparel,14,48.96,60.05,27.76,1,975
SKU-000032,Apparel,15,47.33,50.08,27.76,0,860
SKU-000032,Apparel,16,49.31,51.05,27.76,0,728
SKU-000032,Apparel,17,50.3,53.71,27.76,0,704
SKU-000032,Apparel,18,58.43,51.13,27.76,0,466
SKU-000032,Apparel,19,54.58,50.48,27.76,0,426
SKU-000032,Apparel,20,54.21,52.36,27.76,0,459
SKU-000032,Apparel,21,47.19,50.92,27.76,0,751
SKU-000032,Apparel,22,49.54,54.84,27.76,0,702
SKU-000032,Apparel,23,64.92,55.46,27.76,0,395
SKU-000032,Apparel,24,59.64,48.72,27.76,0,446
SKU-000032,Apparel,25,43.43,48.03,27.76,0,1024
SKU-000033,Apparel,0,110.3,113.28,69.03,0,488
SKU-000033,Apparel,1,106.07,130.25,69.03,0,534
SKU-000033,Apparel,2,111.91,127.47,69.03,0,637
SKU-000033,Apparel,3,103.26,113.88,69.03,0,558
SKU-000033,Apparel,4,127.63,114.84,69.03,0,440
SKU-000033,Apparel,5,125.87,139.37,69.03,0,651
SKU-000033,Apparel,6,103.03,119.55,69.03,0,878
SKU-000033,Apparel,7,116.8,109.3,69.03,0,520
SKU-000033,Apparel,8,134.83,124.31,69.03,1,701
SKU-000033,Apparel,9,126.94,113.33,69.03,0,370
SKU-000033,Apparel,10,131.36,122.72,69.03,0,490
SKU-000033,Apparel,11,137.73,108.94,69.03,0,358
SKU-000033,Apparel,12,111.46,106.89,69.03,0,513
SKU-000033,Apparel,13,121.73,112.4,69.03,1,721
SKU-000033,Apparel,14,132.58,124.92,69.03,0,429
SKU-000033,Apparel,15,98.33,114.65,69.03,1,894
SKU-000033,Apparel,16,106.98,126.09,69.03,0,604
SKU-000033,Apparel,17,101.21,112.88,69.03,0,561
SKU-000033,Apparel,18,123.14,117.63,69.03,0,401
SKU-000033,Apparel,19,127.03,104.31,69.03,0,359
SKU-000033,Apparel,20,118.37,127.66,69.03,0,455
SKU-000033,Apparel,21,98.02,110.86,69.03,1,727
SKU-000033,Apparel,22,109.62,113.01,69.03,0,457
SKU-000033,Apparel,23,96.95,105.29,69.03,0,621
SKU-000033,Apparel,24,128.79,147.83,69.03,1,592
SKU-000033,Apparel,25,118.62,124.32,69.03,0,396
SKU-000034,Apparel,0,121.12,154.85,82.4,0,640
SKU-000034,Apparel,1,160.67,142.63,82.4,0,302
SKU-000034,Apparel,2,184.32,174.32,82.4,0,311
SKU-000034,Apparel,3,154.02,142.23,82.4,0,349
SKU-000034,Apparel,4,164.61,166.42,82.4,0,425
SKU-000034,Apparel,5,150.0,153.97,82.4,0,421
SKU-000034,Apparel,6,147.87,177.29,82.4,0,629
SKU-000034,Apparel,7,140.29,152.46,82.4,0,461
SKU-000034,Apparel,8,147.16,151.49,82.4,0,522
SKU-000034,Apparel,9,161.95,144.22,82.4,0,393
SKU-000034,Apparel,10,159.86,145.78,82.4,0,300
SKU-000034,Apparel,11,144.55,175.44,82.4,1,628
SKU-000034,Apparel,12,167.05,151.27,82.4,0,261
SKU-000034,Apparel,13,123.28,137.76,82.4,1,692
SKU-000034,Apparel,14,151.3,151.21,82.4,0,298
SKU-000034,Apparel,15,146.94,148.97,82.4,0,343
SKU-000034,Apparel,16,121.93,160.86,82.4,0,641
SKU-000034,Apparel,17,162.84,174.28,82.4,0,289
SKU-000034,Apparel,18,159.11,139.51,82.4,0,285
SKU-000034,Apparel,19,136.47,168.57,82.4,0,456
SKU-000034,Apparel,20,164.25,174.36,82.4,0,239
SKU-000034,Apparel,21,137.89,161.74,82.4,0,332
SKU-000034,Apparel,22,172.74,155.7,82.4,0,305
SKU-000034,Apparel,23,145.19,154.27,82.4,0,307
SKU-000034,Apparel,24,147.21,159.33,82.4,0,302
SKU-000034,Apparel,25,162.59,153.65,82.4,0,345
SKU-000035,Apparel,0,86.91,92.29,57.17,0,675
SKU-000035,Apparel,1,97.82,86.71,57.17,0,570
SKU-000035,Apparel,2,106.02,93.62,57.17,0,508
SKU-000035,Apparel,3,111.19,95.72,57.17,0,421
SKU-000035,Apparel,4,116.04,109.22,57.17,0,459
SKU-000035,Apparel,5,103.45,110.04,57.17,0,598
SKU-000035,Apparel,6,106.98,105.43,57.17,1,732
SKU-000035,Apparel,7,104.94,93.55,57.17,0,676
SKU-000035,Apparel,8,100.7,81.98,57.17,0,631
SKU-000035,Apparel,9,115.78,108.67,57.17,0,565
SKU-000035,Apparel,10,104.06,109.38,57.17,0,566
SKU-000035,Apparel,11,98.22,115.25,57.17,0,646
SKU-000035,Apparel,12,88.52,105.37,57.17,0,788
SKU-000035,Apparel,13,110.95,107.52,57.17,1,683
SKU-000035,Apparel,14,101.47,107.48,57.17,0,522
SKU-000035,Apparel,15,92.34,108.57,57.17,0,522
SKU-000035,Apparel,16,104.52,98.41,57.17,0,443
SKU-000035,Apparel,17,110.51,95.72,57.17,0,470
SKU-000035,Apparel,18,90.04,94.1,57.17,0,593
SKU-000035,Apparel,19,106.95,97.24,57.17,0,416
SKU-000035,Apparel,20,96.63,94.65,57.17,0,543
SKU-000035,Apparel,21,98.26,127.41,57.17,0,506
SKU-000035,Apparel,22,100.45,104.2,57.17,0,481
SKU-000035,Apparel,23,105.07,100.28,57.17,0,578
SKU-000035,Apparel,24,96.11,98.36,57.17,1,928
SKU-000035,Apparel,25,108.95,111.72,57.17,0,467
SKU-000036,Apparel,0,139.78,123.81,68.94,0,842
SKU-000036,Apparel,1,127.17,127.0,68.94,0,886
SKU-000036,Apparel,2,126.56,115.87,68.94,1,1351
SKU-000036,Apparel,3,127.29,133.65,68.94,0,896
SKU-000036,Apparel,4,116.57,131.88,68.94,0,1195
SKU-000036,Apparel,5,122.88,132.2,68.94,0,963
SKU-000036,Apparel,6,124.38,129.77,68.94,0,1075
SKU-000036,Apparel,7,114.71,124.58,68.94,1,1420
SKU-000036,Apparel,8,114.53,126.81,68.94,0,1328
SKU-000036,Apparel,9,150.86,145.11,68.94,1,1153
SKU-000036,Apparel,10,114.82,143.18,68.94,0,1374
SKU-000036,Apparel,11,137.9,135.26,68.94,0,899
SKU-000036,Apparel,12,145.65,122.44,68.94,0,735
SKU-000036,Apparel,13,144.92,132.91,68.94,0,870
SKU-000036,Apparel,14,130.55,112.07,68.94,0,619
SKU-000036,Apparel,15,126.31,125.84,68.94,0,1063
SKU-000036,Apparel,16,121.68,130.5,68.94,0,649
SKU-000036,Apparel,17,119.7,123.16,68.94,0,762
SKU-000036,Apparel,18,113.56,136.7,68.94,0,896
SKU-000036,Apparel,19,119.77,127.35,68.94,0,1022
SKU-000036,Apparel,20,113.39,143.14,68.94,0,1033
SKU-000036,Apparel,21,142.29,120.81,68.94,0,549
SKU-000036,Apparel,22,123.31,121.91,68.94,0,996
SKU-000036,Apparel,23,139.32,135.94,68.94,0,918
SKU-000036,Apparel,24,148.5,140.19,68.94,0,692
SKU-000036,Apparel,25,127.81,126.94,68.94,0,999
SKU-000037,Apparel,0,70.32,70.5,37.64,0,681
SKU-000037,Apparel,1,69.86,65.46,37.64,0,731
SKU-000037,Apparel,2,64.82,64.28,37.64,0,659
SKU-000037,Apparel,3,59.11,65.2,37.64,0,993
SKU-000037,Apparel,4,71.14,73.69,37.64,0,688
SKU-000037,Apparel,5,66.89,64.88,37.64,1,1158
SKU-000037,Apparel,6,81.27,71.58,37.64,0,585
SKU-000037,Apparel,7,66.0,77.35,37.64,0,827
SKU-000037,Apparel,8,63.38,68.93,37.64,0,716
SKU-000037,Apparel,9,56.28,69.27,37.64,0,1321
SKU-000037,Apparel,10,65.05,70.81,37.64,0,881
SKU-000037,Apparel,11,58.67,75.23,37.64,0,982
SKU-000037,Apparel,12,65.23,73.42,37.64,0,738
SKU-000037,Apparel,13,69.6,68.25,37.64,0,597
SKU-000037,Apparel,14,74.17,65.81,37.64,0,633
SKU-000037,Apparel,15,76.56,71.19,37.64,0,522
SKU-000037,Apparel,16,58.69,68.2,37.64,0,795
SKU-000037,Apparel,17,70.65,64.29,37.64,0,413
SKU-000037,Apparel,18,67.49,65.04,37.64,0,544
SKU-000037,Apparel,19,67.76,65.12,37.64,0,555
SKU-000037,Apparel,20,74.12,72.24,37.64,0,575
SKU-000037,Apparel,21,59.12,71.12,37.64,0,863
SKU-000037,Apparel,22,57.93,62.1,37.64,0,710
SKU-000037,Apparel,23,68.07,68.24,37.64,0,582
SKU-000037,Apparel,24,58.99,65.85,37.64,0,916
SKU-000037,Apparel,25,64.17,74.06,37.64,0,818
SKU-000038,Apparel,0,173.65,144.82,79.55,0,664
SKU-000038,Apparel,1,155.63,156.36,79.55,0,719
SKU-000038,Apparel,2,151.75,156.81,79.55,0,1062
SKU-000038,Apparel,3,142.72,156.9,79.55,0,1187
SKU-000038,Apparel,4,141.09,149.29,79.55,0,1236
SKU-000038,Apparel,5,142.95,145.16,79.55,0,729
SKU-000038,Apparel,6,172.24,168.82,79.55,0,897
SKU-000038,Apparel,7,156.55,158.15,79.55,0,895
SKU-000038,Apparel,8,148.26,147.75,79.55,0,965
SKU-000038,Apparel,9,114.14,150.18,79.55,0,1636
SKU-000038,Apparel,10,143.88,152.49,79.55,0,1272
SKU-000038,Apparel,11,139.34,174.08,79.55,0,1055
SKU-000038,Apparel,12,131.05,163.18,79.55,0,1318
SKU-000038,Apparel,13,156.2,145.85,79.55,0,859
SKU-000038,Apparel,14,153.27,161.6,79.55,0,823
SKU-000038,Apparel,15,159.12,138.82,79.55,0,684
SKU-000038,Apparel,16,135.3,140.78,79.55,0,734
SKU-000038,Apparel,17,173.01,164.46,79.55,0,572
SKU-000038,Apparel,18,178.25,157.35,79.55,0,424
SKU-000038,Apparel,19,128.48,167.41,79.55,0,905
SKU-000038,Apparel,20,161.81,148.14,79.55,0,620
SKU-000038,Apparel,21,144.17,173.91,79.55,0,843
SKU-000038,Apparel,22,172.14,171.67,79.55,0,784
SKU-000038,Apparel,23,168.29,135.57,79.55,0,502
SKU-000038,Apparel,24,161.44,139.17,79.55,0,746
SKU-000038,Apparel,25,157.38,151.46,79.55,0,781
SKU-000039,Apparel,0,124.39,129.99,70.67,0,851
SKU-000039,Apparel,1,119.36,147.17,70.67,0,1020
SKU-000039,Apparel,2,131.8,141.57,70.67,0,966
SKU-000039,Apparel,3,163.03,132.74,70.67,1,1238
SKU-000039,Apparel,4,120.48,143.47,70.67,0,958
SKU-000039,Apparel,5,123.71,142.01,70.67,1,1565
SKU-000039,Apparel,6,144.36,130.43,70.67,0,749
SKU-000039,Apparel,7,123.69,126.58,70.67,0,1104
SKU-000039,Apparel,8,132.59,155.42,70.67,0,1020
SKU-000039,Apparel,9,164.46,131.75,70.67,0,592
SKU-000039,Apparel,10,118.09,138.47,70.67,0,1222
SKU-000039,Apparel,11,126.35,131.39,70.67,0,1124
SKU-000039,Apparel,12,126.46,128.59,70.67,0,985
SKU-000039,Apparel,13,136.17,138.12,70.67,0,725
SKU-000039,Apparel,14,146.24,131.28,70.67,0,715
SKU-000039,Apparel,15,136.81,162.67,70.67,0,832
SKU-000039,Apparel,16,160.81,133.32,70.67,0,423
SKU-000039,Apparel,17,145.01,142.49,70.67,0,593
SKU-000039,Apparel,18,136.59,132.26,70.67,0,652
SKU-000039,Apparel,19,142.36,119.59,70.67,0,417
SKU-000039,Apparel,20,129.75,141.38,70.67,0,949
SKU-000039,Apparel,21,119.32,129.45,70.67,0,809
SKU-000039,Apparel,22,125.67,118.28,70.67,0,975
SKU-000039,Apparel,23,128.28,142.96,70.67,0,790
SKU-000039,Apparel,24,138.87,131.15,70.67,0,654
SKU-000039,Apparel,25,132.02,142.05,70.67,0,684
SKU-000040,Apparel,0,70.28,89.33,39.91,1,635
SKU-000040,Apparel,1,82.6,77.52,39.91,0,331
SKU-000040,Apparel,2,72.85,76.8,39.91,0,491
SKU-000040,Apparel,3,80.39,83.8,39.91,0,501
SKU-000040,Apparel,4,73.99,86.94,39.91,0,648
SKU-000040,Apparel,5,73.29,67.87,39.91,0,503
SKU-000040,Apparel,6,70.2,75.79,39.91,0,475
SKU-000040,Apparel,7,63.02,77.42,39.91,0,721
SKU-000040,Apparel,8,71.27,66.81,39.91,0,517
SKU-000040,Apparel,9,78.38,81.77,39.91,0,489
SKU-000040,Apparel,10,76.48,80.17,39.91,0,529
SKU-000040,Apparel,11,80.58,80.78,39.91,0,456
SKU-000040,Apparel,12,77.7,83.68,39.91,0,586
SKU-000040,Apparel,13,67.36,75.58,39.91,0,525
SKU-000040,Apparel,14,63.76,83.21,39.91,0,578
SKU-000040,Apparel,15,77.63,80.42,39.91,1,557
SKU-000040,Apparel,16,89.25,81.0,39.91,0,276
SKU-000040,Apparel,17,79.9,77.69,39.91,0,285
SKU-000040,Apparel,18,83.39,71.61,39.91,0,339
SKU-000040,Apparel,19,74.67,82.99,39.91,0,410
SKU-000040,Apparel,20,65.79,67.29,39.91,0,490
SKU-000040,Apparel,21,70.2,67.95,39.91,0,346
SKU-000040,Apparel,22,74.24,77.38,39.91,0,426
SKU-000040,Apparel,23,79.85,75.22,39.91,0,297
SKU-000040,Apparel,24,67.57,77.07,39.91,0,538
SKU-000040,Apparel,25,74.32,73.05,39.91,0,428
SKU-000041,Apparel,0,12.0,13.72,8.25,1,191
SKU-000041,Apparel,1,11.58,12.97,8.25,0,174
SKU-000041,Apparel,2,14.6,12.48,8.25,0,82
SKU-000041,Apparel,3,14.03,14.31,8.25,0,155
SKU-000041,Apparel,4,14.93,14.03,8.25,0,152
SKU-000041,Apparel,5,12.67,13.77,8.25,0,131
SKU-000041,Apparel,6,14.67,12.72,8.25,0,111
SKU-000041,Apparel,7,13.26,12.05,8.25,1,200
SKU-000041,Apparel,8,13.95,13.99,8.25,1,279
SKU-000041,Apparel,9,11.4,12.35,8.25,0,183
SKU-000041,Apparel,10,14.68,13.22,8.25,0,89
SKU-000041,Apparel,11,12.63,13.12,8.25,0,143
SKU-000041,Apparel,12,13.34,14.21,8.25,0,115
SKU-000041,Apparel,13,14.59,14.48,8.25,0,93
SKU-000041,Apparel,14,11.61,13.63,8.25,0,141
SKU-000041,Apparel,15,14.7,14.61,8.25,0,130
SKU-000041,Apparel,16,14.71,12.38,8.25,1,142
SKU-000041,Apparel,17,14.05,15.39,8.25,0,121
SKU-000041,Apparel,18,13.52,13.18,8.25,0,108
SKU-000041,Apparel,19,11.37,13.52,8.25,0,143
SKU-000041,Apparel,20,10.76,11.44,8.25,1,224
SKU-000041,Apparel,21,15.42,12.83,8.25,1,98
SKU-000041,Apparel,22,12.62,13.35,8.25,1,223
SKU-000041,Apparel,23,14.81,12.1,8.25,0,72
SKU-000041,Apparel,24,12.62,14.24,8.25,0,127
SKU-000041,Apparel,25,15.04,15.19,8.25,0,125
SKU-000042,Apparel,0,31.2,27.56,17.88,1,453
SKU-000042,Apparel,1,27.83,26.93,17.88,0,352
SKU-000042,Apparel,2,32.76,25.24,17.88,0,329
SKU-000042,Apparel,3,25.8,31.3,17.88,0,561
SKU-000042,Apparel,4,28.72,30.33,17.88,0,419
SKU-000042,Apparel,5,32.12,28.49,17.88,0,439
SKU-000042,Apparel,6,27.6,34.13,17.88,0,523
SKU-000042,Apparel,7,24.69,27.59,17.88,0,520
SKU-000042,Apparel,8,31.33,29.39,17.88,0,356
SKU-000042,Apparel,9,26.38,27.95,17.88,1,602
SKU-000042,Apparel,10,35.52,30.1,17.88,0,322
SKU-000042,Apparel,11,33.97,28.06,17.88,0,273
SKU-000042,Apparel,12,24.92,32.97,17.88,0,506
SKU-000042,Apparel,13,24.85,33.08,17.88,0,538
SKU-000042,Apparel,14,33.87,28.74,17.88,0,315
SKU-000042,Apparel,15,28.33,30.68,17.88,0,393
SKU-000042,Apparel,16,29.71,25.2,17.88,0,266
SKU-000042,Apparel,17,26.84,25.84,17.88,0,314
SKU-000042,Apparel,18,28.12,32.62,17.88,0,361
SKU-000042,Apparel,19,23.74,31.12,17.88,0,413
SKU-000042,Apparel,20,31.45,28.07,17.88,0,363
SKU-000042,Apparel,21,30.94,28.11,17.88,0,331
SKU-000042,Apparel,22,35.31,29.4,17.88,1,406
SKU-000042,Apparel,23,30.55,29.86,17.88,0,289
SKU-000042,Apparel,24,27.39,28.05,17.88,0,382
SKU-000042,Apparel,25,25.39,29.66,17.88,0,500
SKU-000043,Apparel,0,122.04,125.46,66.46,0,327
SKU-000043,Apparel,1,111.42,123.47,66.46,0,423
SKU-000043,Apparel,2,123.58,124.82,66.46,0,309
SKU-000043,Apparel,3,120.79,138.98,66.46,0,387
SKU-000043,Apparel,4,129.12,129.04,66.46,0,333
SKU-000043,Apparel,5,125.75,125.96,66.46,1,325
SKU-000043,Apparel,6,133.13,132.77,66.46,0,307
SKU-000043,Apparel,7,127.43,115.72,66.46,0,324
SKU-000043,Apparel,8,134.84,134.6,66.46,0,315
SKU-000043,Apparel,9,118.61,136.67,66.46,0,413
SKU-000043,Apparel,10,122.91,156.31,66.46,0,322
SKU-000043,Apparel,11,136.53,111.54,66.46,0,273
SKU-000043,Apparel,12,141.5,136.05,66.46,0,189
SKU-000043,Apparel,13,116.92,130.99,66.46,0,340
SKU-000043,Apparel,14,116.0,117.69,66.46,0,351
SKU-000043,Apparel,15,124.19,115.94,66.46,0,305
SKU-000043,Apparel,16,110.83,116.87,66.46,0,353
SKU-000043,Apparel,17,115.08,130.75,66.46,0,276
SKU-000043,Apparel,18,125.96,113.58,66.46,1,349
SKU-000043,Apparel,19,121.06,116.38,66.46,1,367
SKU-000043,Apparel,20,128.04,104.24,66.46,1,366
SKU-000043,Apparel,21,122.31,125.04,66.46,0,275
SKU-000043,Apparel,22,126.33,123.3,66.46,1,329
SKU-000043,Apparel,23,132.04,128.24,66.46,0,220
SKU-000043,Apparel,24,126.47,113.88,66.46,0,236
SKU-000043,Apparel,25,124.98,136.07,66.46,1,460
SKU-000044,Apparel,0,72.51,73.06,47.08,0,707
SKU-000044,Apparel,1,80.19,79.22,47.08,0,650
SKU-000044,Apparel,2,80.96,79.39,47.08,0,879
SKU-000044,Apparel,3,78.15,76.77,47.08,0,665
SKU-000044,Apparel,4,78.83,72.32,47.08,0,591
SKU-000044,Apparel,5,65.72,83.45,47.08,0,1203
SKU-000044,Apparel,6,85.73,78.36,47.08,0,596
SKU-000044,Apparel,7,83.52,83.38,47.08,0,640
SKU-000044,Apparel,8,75.3,70.29,47.08,0,887
SKU-000044,Apparel,9,81.48,78.12,47.08,0,717
SKU-000044,Apparel,10,86.29,74.42,47.08,0,637
SKU-000044,Apparel,11,70.16,69.79,47.08,1,1192
SKU-000044,Apparel,12,68.21,82.22,47.08,1,1524
SKU-000044,Apparel,13,65.57,64.99,47.08,0,1040
SKU-000044,Apparel,14,74.51,81.55,47.08,0,714
SKU-000044,Apparel,15,85.51,74.92,47.08,0,682
SKU-000044,Apparel,16,76.58,90.76,47.08,0,762
SKU-000044,Apparel,17,77.58,95.91,47.08,0,652
SKU-000044,Apparel,18,91.06,69.3,47.08,0,396
SKU-000044,Apparel,19,88.9,77.62,47.08,0,449
SKU-000044,Apparel,20,69.47,65.94,47.08,0,744
SKU-000044,Apparel,21,69.11,76.32,47.08,0,649
SKU-000044,Apparel,22,97.1,76.7,47.08,0,451
SKU-000044,Apparel,23,79.11,72.23,47.08,0,596
SKU-000044,Apparel,24,86.65,72.68,47.08,0,619
SKU-000044,Apparel,25,74.16,65.86,47.08,0,759
SKU-000045,Apparel,0,35.62,38.38,22.39,0,567
SKU-000045,Apparel,1,42.88,32.74,22.39,0,385
SKU-000045,Apparel,2,34.75,38.82,22.39,0,667
SKU-000045,Apparel,3,37.25,40.55,22.39,0,690
SKU-000045,Apparel,4,40.12,44.91,22.39,0,516
SKU-000045,Apparel,5,39.09,37.52,22.39,0,519
SKU-000045,Apparel,6,38.31,36.97,22.39,0,507
SKU-000045,Apparel,7,39.12,34.98,22.39,0,512
SKU-000045,Apparel,8,42.38,35.37,22.39,1,662
SKU-000045,Apparel,9,42.55,41.77,22.39,0,572
SKU-000045,Apparel,10,33.2,43.36,22.39,0,637
SKU-000045,Apparel,11,41.39,39.07,22.39,0,441
SKU-000045,Apparel,12,40.45,34.89,22.39,0,538
SKU-000045,Apparel,13,35.7,40.12,22.39,0,655
SKU-000045,Apparel,14,42.12,31.8,22.39,0,363
SKU-000045,Apparel,15,35.62,45.09,22.39,0,509
SKU-000045,Apparel,16,40.82,45.54,22.39,0,434
SKU-000045,Apparel,17,35.29,37.16,22.39,0,539
SKU-000045,Apparel,18,39.96,39.62,22.39,0,356
SKU-000045,Apparel,19,31.99,40.75,22.39,0,483
SKU-000045,Apparel,20,45.89,36.82,22.39,0,259
SKU-000045,Apparel,21,41.15,47.1,22.39,0,338
SKU-000045,Apparel,22,37.53,37.61,22.39,0,404
SKU-000045,Apparel,23,32.97,37.58,22.39,0,649
SKU-000045,Apparel,24,36.11,40.69,22.39,0,499
SKU-000045,Apparel,25,37.24,39.11,22.39,0,464
SKU-000046,Apparel,0,27.72,31.87,18.75,0,993
SKU-000046,Apparel,1,34.58,36.9,18.75,0,715
SKU-000046,Apparel,2,30.73,31.39,18.75,0,744
SKU-000046,Apparel,3,33.26,36.63,18.75,0,836
SKU-000046,Apparel,4,43.27,34.27,18.75,1,757
SKU-000046,Apparel,5,30.34,31.18,18.75,0,695
SKU-000046,Apparel,6,34.64,35.57,18.75,0,795
SKU-000046,Apparel,7,39.48,33.91,18.75,0,642
SKU-000046,Apparel,8,36.4,34.41,18.75,0,623
SKU-000046,Apparel,9,37.15,38.15,18.75,0,572
SKU-000046,Apparel,10,31.97,34.74,18.75,1,1248
SKU-000046,Apparel,11,41.83,39.75,18.75,0,483
SKU-000046,Apparel,12,30.56,37.26,18.75,0,814
SKU-000046,Apparel,13,33.95,34.53,18.75,0,644
SKU-000046,Apparel,14,35.69,34.51,18.75,0,560
SKU-000046,Apparel,15,36.24,40.33,18.75,0,608
SKU-000046,Apparel,16,34.35,31.28,18.75,0,459
SKU-000046,Apparel,17,34.17,38.0,18.75,0,628
SKU-000046,Apparel,18,34.6,37.77,18.75,0,419
SKU-000046,Apparel,19,35.01,34.97,18.75,0,508
SKU-000046,Apparel,20,26.95,33.54,18.75,0,751
SKU-000046,Apparel,21,39.44,35.51,18.75,0,372
SKU-000046,Apparel,22,37.25,36.79,18.75,0,484
SKU-000046,Apparel,23,38.62,32.81,18.75,0,369
SKU-000046,Apparel,24,31.44,36.97,18.75,0,642
SKU-000046,Apparel,25,29.98,33.8,18.75,0,751
SKU-000047,Apparel,0,172.83,186.12,94.24,1,1310
SKU-000047,Apparel,1,190.81,177.13,94.24,1,1019
SKU-000047,Apparel,2,179.8,182.25,94.24,0,672
SKU-000047,Apparel,3,175.39,163.35,94.24,0,873
SKU-000047,Apparel,4,202.76,173.41,94.24,0,672
SKU-000047,Apparel,5,180.11,182.78,94.24,0,855
SKU-000047,Apparel,6,174.8,185.02,94.24,0,802
SKU-000047,Apparel,7,154.59,177.27,94.24,0,1143
SKU-000047,Apparel,8,200.92,161.48,94.24,0,687
SKU-000047,Apparel,9,204.67,190.1,94.24,0,635
SKU-000047,Apparel,10,169.15,184.21,94.24,0,909
SKU-000047,Apparel,11,166.78,156.81,94.24,0,784
SKU-000047,Apparel,12,157.27,183.29,94.24,0,911
SKU-000047,Apparel,13,183.24,190.69,94.24,0,838
SKU-000047,Apparel,14,166.56,167.68,94.24,0,701
SKU-000047,Apparel,15,174.08,155.19,94.24,0,685
SKU-000047,Apparel,16,163.91,155.01,94.24,0,723
SKU-000047,Apparel,17,198.92,207.33,94.24,0,561
SKU-000047,Apparel,18,172.62,174.2,94.24,0,566
SKU-000047,Apparel,19,175.22,156.27,94.24,1,939
SKU-000047,Apparel,20,165.15,190.37,94.24,0,751
SKU-000047,Apparel,21,192.21,175.89,94.24,1,749
SKU-000047,Apparel,22,178.03,180.24,94.24,1,889
SKU-000047,Apparel,23,196.79,175.67,94.24,0,602
SKU-000047,Apparel,24,159.92,178.48,94.24,0,808
SKU-000047,Apparel,25,204.1,174.93,94.24,0,544
SKU-000048,Apparel,0,82.42,79.99,50.42,0,97
SKU-000048,Apparel,1,96.93,77.29,50.42,0,69
SKU-000048,Apparel,2,75.4,77.97,50.42,0,111
SKU-000048,Apparel,3,81.75,86.03,50.42,0,116
SKU-000048,Apparel,4,86.72,94.52,50.42,0,102
SKU-000048,Apparel,5,69.9,78.37,50.42,0,141
SKU-000048,Apparel,6,78.43,81.96,50.42,0,148
SKU-000048,Apparel,7,81.1,80.35,50.42,0,177
SKU-000048,Apparel,8,83.9,86.04,50.42,0,130
SKU-000048,Apparel,9,76.13,72.85,50.42,0,121
SKU-000048,Apparel,10,105.72,84.49,50.42,0,65
SKU-000048,Apparel,11,77.88,79.81,50.42,0,115
SKU-000048,Apparel,12,78.84,92.87,50.42,0,118
SKU-000048,Apparel,13,80.0,87.58,50.42,0,97
SKU-000048,Apparel,14,77.63,89.47,50.42,0,113
SKU-000048,Apparel,15,90.84,96.07,50.42,1,103
SKU-000048,Apparel,16,85.5,93.85,50.42,0,115
SKU-000048,Apparel,17,69.75,96.02,50.42,0,152
SKU-000048,Apparel,18,77.56,94.92,50.42,0,121
SKU-000048,Apparel,19,82.44,83.45,50.42,0,84
SKU-000048,Apparel,20,81.33,79.57,50.42,0,77
SKU-000048,Apparel,21,89.39,86.17,50.42,0,78
SKU-000048,Apparel,22,95.2,86.81,50.42,0,68
SKU-000048,Apparel,23,91.75,76.63,50.42,0,83
SKU-000048,Apparel,24,81.94,81.18,50.42,1,144
SKU-000048,Apparel,25,87.75,76.43,50.42,1,94
SKU-000049,Apparel,0,137.24,128.31,80.3,0,373
SKU-000049,Apparel,1,147.65,166.65,80.3,0,324
SKU-000049,Apparel,2,119.78,121.3,80.3,0,536
SKU-000049,Apparel,3,139.19,136.17,80.3,0,464
SKU-000049,Apparel,4,147.08,126.85,80.3,1,435
SKU-000049,Apparel,5,124.35,134.96,80.3,0,456
SKU-000049,Apparel,6,162.78,132.02,80.3,1,373
SKU-000049,Apparel,7,131.63,143.43,80.3,0,533
SKU-000049,Apparel,8,137.05,122.48,80.3,0,340
SKU-000049,Apparel,9,160.59,127.79,80.3,0,287
SKU-000049,Apparel,10,129.27,139.05,80.3,0,529
SKU-000049,Apparel,11,138.66,152.29,80.3,0,505
SKU-000049,Apparel,12,150.01,132.53,80.3,1,510
SKU-000049,Apparel,13,140.44,132.0,80.3,0,360
SKU-000049,Apparel,14,130.71,137.28,80.3,0,398
SKU-000049,Apparel,15,125.17,153.47,80.3,0,517
SKU-000049,Apparel,16,169.19,139.51,80.3,0,231
SKU-000049,Apparel,17,141.87,124.42,80.3,1,477
SKU-000049,Apparel,18,140.0,130.3,80.3,0,273
SKU-000049,Apparel,19,124.47,119.64,80.3,0,442
SKU-000049,Apparel,20,131.74,120.56,80.3,0,415
SKU-000049,Apparel,21,116.52,128.98,80.3,0,472
SKU-000049,Apparel,22,117.22,137.21,80.3,1,644
SKU-000049,Apparel,23,117.87,140.15,80.3,0,466
SKU-000049,Apparel,24,148.75,138.15,80.3,0,334
SKU-000049,Apparel,25,134.38,135.73,80.3,0,422
SKU-000050,Apparel,0,38.69,42.75,22.3,0,204
SKU-000050,Apparel,1,44.12,41.4,22.3,0,134
SKU-000050,Apparel,2,40.06,43.06,22.3,0,214
SKU-000050,Apparel,3,34.31,41.31,22.3,0,274
SKU-000050,Apparel,4,40.63,35.34,22.3,0,156
SKU-000050,Apparel,5,33.24,40.79,22.3,0,293
SKU-000050,Apparel,6,40.35,39.16,22.3,0,188
SKU-000050,Apparel,7,45.02,38.11,22.3,0,203
SKU-000050,Apparel,8,44.04,41.29,22.3,0,153
SKU-000050,Apparel,9,37.65,39.71,22.3,1,279
SKU-000050,Apparel,10,44.13,39.99,22.3,0,160
SKU-000050,Apparel,11,34.47,41.02,22.3,0,235
SKU-000050,Apparel,12,40.75,49.31,22.3,1,241
SKU-000050,Apparel,13,41.18,37.4,22.3,0,174
SKU-000050,Apparel,14,47.76,39.79,22.3,0,133
SKU-000050,Apparel,15,35.4,37.99,22.3,0,189
SKU-000050,Apparel,16,34.87,34.74,22.3,0,162
SKU-000050,Apparel,17,39.94,43.12,22.3,0,154
SKU-000050,Apparel,18,38.9,46.85,22.3,0,170
SKU-000050,Apparel,19,48.24,35.26,22.3,0,84
SKU-000050,Apparel,20,33.5,42.28,22.3,0,201
SKU-000050,Apparel,21,33.91,40.42,22.3,0,195
SKU-000050,Apparel,22,41.97,42.86,22.3,0,124
SKU-000050,Apparel,23,53.37,41.91,22.3,0,96
SKU-000050,Apparel,24,40.52,40.11,22.3,1,167
SKU-000050,Apparel,25,34.09,48.8,22.3,0,261
SKU-000051,Apparel,0,30.5,28.81,14.5,0,509
SKU-000051,Apparel,1,26.76,24.9,14.5,0,619
SKU-000051,Apparel,2,26.66,28.72,14.5,0,747
SKU-000051,Apparel,3,29.03,29.28,14.5,0,657
SKU-000051,Apparel,4,29.9,29.58,14.5,1,939
SKU-000051,Apparel,5,29.06,29.22,14.5,0,503
SKU-000051,Apparel,6,27.91,25.32,14.5,0,629
SKU-000051,Apparel,7,29.6,26.11,14.5,0,626
SKU-000051,Apparel,8,26.33,24.82,14.5,0,988
SKU-000051,Apparel,9,26.09,26.77,14.5,0,639
SKU-000051,Apparel,10,26.62,28.04,14.5,0,599
SKU-000051,Apparel,11,28.42,30.0,14.5,0,577
SKU-000051,Apparel,12,22.47,25.52,14.5,0,906
SKU-000051,Apparel,13,26.54,31.09,14.5,0,774
SKU-000051,Apparel,14,28.51,27.75,14.5,1,908
SKU-000051,Apparel,15,26.79,23.46,14.5,0,408
SKU-000051,Apparel,16,30.53,29.75,14.5,0,570
SKU-000051,Apparel,17,25.3,23.36,14.5,0,583
SKU-000051,Apparel,18,20.46,25.97,14.5,0,740
SKU-000051,Apparel,19,26.71,25.32,14.5,0,629
SKU-000051,Apparel,20,24.35,25.45,14.5,0,650
SKU-000051,Apparel,21,28.32,28.87,14.5,1,790
SKU-000051,Apparel,22,33.06,27.87,14.5,1,474
SKU-000051,Apparel,23,34.43,29.51,14.5,0,448
SKU-000051,Apparel,24,31.11,33.52,14.5,0,492
SKU-000051,Apparel,25,29.61,29.5,14.5,0,428
SKU-000052,Apparel,0,68.1,72.54,40.21,0,1087
SKU-000052,Apparel,1,76.1,78.57,40.21,0,783
SKU-000052,Apparel,2,70.44,78.33,40.21,0,861
SKU-000052,Apparel,3,68.18,78.25,40.21,1,1721
SKU-000052,Apparel,4,77.4,75.12,40.21,0,720
SKU-000052,Apparel,5,83.68,72.28,40.21,0,676
SKU-000052,Apparel,6,68.9,65.78,40.21,0,1109
SKU-000052,Apparel,7,65.69,88.78,40.21,0,1099
SKU-000052,Apparel,8,92.99,74.04,40.21,0,448
SKU-000052,Apparel,9,94.87,77.78,40.21,0,672
SKU-000052,Apparel,10,67.28,82.65,40.21,1,1583
SKU-000052,Apparel,11,71.48,69.49,40.21,0,990
SKU-000052,Apparel,12,76.9,75.25,40.21,1,1236
SKU-000052,Apparel,13,88.07,75.53,40.21,1,1123
SKU-000052,Apparel,14,64.52,78.14,40.21,0,1253
SKU-000052,Apparel,15,74.7,66.67,40.21,0,705
SKU-000052,Apparel,16,75.58,72.4,40.21,0,607
SKU-000052,Apparel,17,65.02,72.61,40.21,0,915
SKU-000052,Apparel,18,67.09,87.03,40.21,0,986
SKU-000052,Apparel,19,80.24,87.23,40.21,0,550
SKU-000052,Apparel,20,78.72,81.58,40.21,0,692
SKU-000052,Apparel,21,71.63,85.26,40.21,0,705
SKU-000052,Apparel,22,77.48,73.92,40.21,0,639
SKU-000052,Apparel,23,99.69,78.78,40.21,1,568
SKU-000052,Apparel,24,78.87,69.63,40.21,0,669
SKU-000052,Apparel,25,76.78,79.81,40.21,0,825
SKU-000053,Apparel,0,38.66,33.85,17.78,0,532
SKU-000053,Apparel,1,33.77,31.46,17.78,0,670
SKU-000053,Apparel,2,34.05,35.34,17.78,0,620
SKU-000053,Apparel,3,30.03,35.99,17.78,0,1017
SKU-000053,Apparel,4,41.66,36.58,17.78,0,522
SKU-000053,Apparel,5,34.26,32.43,17.78,0,695
SKU-000053,Apparel,6,36.0,34.28,17.78,0,778
SKU-000053,Apparel,7,37.24,34.73,17.78,0,644
SKU-000053,Apparel,8,36.8,40.98,17.78,0,778
SKU-000053,Apparel,9,30.97,32.93,17.78,0,764
SKU-000053,Apparel,10,33.46,32.6,17.78,0,658
SKU-000053,Apparel,11,28.57,34.58,17.78,0,921
SKU-000053,Apparel,12,34.43,32.27,17.78,0,626
SKU-000053,Apparel,13,30.14,32.94,17.78,0,682
SKU-000053,Apparel,14,36.72,34.04,17.78,0,527
SKU-000053,Apparel,15,33.38,31.67,17.78,0,512
SKU-000053,Apparel,16,36.54,30.54,17.78,0,435
SKU-000053,Apparel,17,28.45,34.39,17.78,0,726
SKU-000053,Apparel,18,36.0,28.43,17.78,0,471
SKU-000053,Apparel,19,37.51,34.46,17.78,1,689
SKU-000053,Apparel,20,37.15,40.89,17.78,0,507
SKU-000053,Apparel,21,38.89,34.68,17.78,0,499
SKU-000053,Apparel,22,38.64,28.1,17.78,0,334
SKU-000053,Apparel,23,39.85,34.76,17.78,0,531
SKU-000053,Apparel,24,32.64,40.48,17.78,0,646
SKU-000053,Apparel,25,30.21,35.62,17.78,0,841
SKU-000054,Apparel,0,86.8,87.19,51.92,0,623
SKU-000054,Apparel,1,84.69,88.15,51.92,1,993
SKU-000054,Apparel,2,91.08,86.74,51.92,0,533
SKU-000054,Apparel,3,90.32,102.66,51.92,0,840
SKU-000054,Apparel,4,94.25,98.78,51.92,0,629
SKU-000054,Apparel,5,96.86,101.94,51.92,0,640
SKU-000054,Apparel,6,75.06,87.08,51.92,0,839
SKU-000054,Apparel,7,90.11,101.56,51.92,0,804
SKU-000054,Apparel,8,105.33,87.87,51.92,0,561
SKU-000054,Apparel,9,86.85,90.74,51.92,0,789
SKU-000054,Apparel,10,95.25,86.69,51.92,0,550
SKU-000054,Apparel,11,96.97,90.14,51.92,0,559
SKU-000054,Apparel,12,101.25,103.93,51.92,0,607
SKU-000054,Apparel,13,95.41,96.25,51.92,0,599
SKU-000054,Apparel,14,84.31,88.55,51.92,0,647
SKU-000054,Apparel,15,89.44,99.63,51.92,0,564
SKU-000054,Apparel,16,103.28,105.96,51.92,1,707
SKU-000054,Apparel,17,104.7,91.04,51.92,0,364
SKU-000054,Apparel,18,91.01,99.25,51.92,0,637
SKU-000054,Apparel,19,78.89,82.98,51.92,0,641
SKU-000054,Apparel,20,100.23,102.76,51.92,0,455
SKU-000054,Apparel,21,89.52,87.44,51.92,0,492
SKU-000054,Apparel,22,93.62,95.93,51.92,0,443
SKU-000054,Apparel,23,96.88,86.65,51.92,0,477
SKU-000054,Apparel,24,90.15,87.0,51.92,0,511
SKU-000054,Apparel,25,87.4,103.34,51.92,1,1004
SKU-000055,Apparel,0,45.97,49.89,30.54,0,1003
SKU-000055,Apparel,1,46.32,54.53,30.54,1,1884
SKU-000055,Apparel,2,45.4,49.93,30.54,0,1057
SKU-000055,Apparel,3,50.95,50.41,30.54,0,906
SKU-000055,Apparel,4,52.06,51.09,30.54,0,1030
SKU-000055,Apparel,5,41.2,55.22,30.54,0,1340
SKU-000055,Apparel,6,50.3,48.35,30.54,0,1087
SKU-000055,Apparel,7,63.48,54.77,30.54,0,631
SKU-000055,Apparel,8,46.06,55.52,30.54,0,1337
SKU-000055,Apparel,9,55.13,56.04,30.54,0,793
SKU-000055,Apparel,10,44.92,50.2,30.54,0,1164
SKU-000055,Apparel,11,44.06,51.02,30.54,0,1192
SKU-000055,Apparel,12,37.88,50.21,30.54,0,1581
SKU-000055,Apparel,13,48.97,52.95,30.54,0,949
SKU-000055,Apparel,14,54.91,49.21,30.54,0,717
SKU-000055,Apparel,15,52.95,49.82,30.54,0,610
SKU-000055,Apparel,16,48.62,53.78,30.54,0,781
SKU-000055,Apparel,17,45.91,51.94,30.54,0,912
SKU-000055,Apparel,18,50.08,50.73,30.54,0,651
SKU-000055,Apparel,19,43.29,54.56,30.54,0,1088
SKU-000055,Apparel,20,46.48,46.02,30.54,0,847
SKU-000055,Apparel,21,43.18,49.4,30.54,0,939
SKU-000055,Apparel,22,50.55,45.81,30.54,0,718
SKU-000055,Apparel,23,52.89,50.59,30.54,0,591
SKU-000055,Apparel,24,57.55,45.93,30.54,0,622
SKU-000055,Apparel,25,51.97,50.15,30.54,0,832
SKU-000056,Apparel,0,99.88,104.67,55.96,0,513
SKU-000056,Apparel,1,106.79,103.87,55.96,0,359
SKU-000056,Apparel,2,105.06,95.07,55.96,0,330
SKU-000056,Apparel,3,113.97,104.45,55.96,0,378
SKU-000056,Apparel,4,115.08,79.02,55.96,0,390
SKU-000056,Apparel,5,108.8,100.9,55.96,0,353
SKU-000056,Apparel,6,93.81,97.85,55.96,0,531
SKU-000056,Apparel,7,108.6,96.75,55.96,0,349
SKU-000056,Apparel,8,100.64,95.24,55.96,0,356
SKU-000056,Apparel,9,96.56,107.57,55.96,0,395
SKU-000056,Apparel,10,89.08,98.23,55.96,0,457
SKU-000056,Apparel,11,95.52,97.77,55.96,0,319
SKU-000056,Apparel,12,108.94,97.22,55.96,0,301
SKU-000056,Apparel,13,124.07,85.69,55.96,0,245
SKU-000056,Apparel,14,95.77,111.02,55.96,0,457
SKU-000056,Apparel,15,113.44,94.44,55.96,0,321
SKU-000056,Apparel,16,95.94,100.91,55.96,0,347
SKU-000056,Apparel,17,107.11,107.47,55.96,0,265
SKU-000056,Apparel,18,91.98,91.81,55.96,0,350
SKU-000056,Apparel,19,92.57,93.86,55.96,0,383
SKU-000056,Apparel,20,95.61,87.04,55.96,0,354
SKU-000056,Apparel,21,98.31,96.37,55.96,0,303
SKU-000056,Apparel,22,108.52,110.79,55.96,0,302
SKU-000056,Apparel,23,100.44,103.45,55.96,0,310
SKU-000056,Apparel,24,97.94,93.8,55.96,0,353
SKU-000056,Apparel,25,109.9,91.06,55.96,1,476
SKU-000057,Apparel,0,86.91,73.48,45.38,0,340
SKU-000057,Apparel,1,77.78,76.57,45.38,0,567
SKU-000057,Apparel,2,86.77,80.89,45.38,0,362
SKU-000057,Apparel,3,79.61,73.09,45.38,0,553
SKU-000057,Apparel,4,81.75,82.07,45.38,0,568
SKU-000057,Apparel,5,87.59,93.1,45.38,0,374
SKU-000057,Apparel,6,77.34,75.25,45.38,0,504
SKU-000057,Apparel,7,75.37,82.69,45.38,0,656
SKU-000057,Apparel,8,77.12,83.24,45.38,1,864
SKU-000057,Apparel,9,79.33,74.86,45.38,0,428
SKU-000057,Apparel,10,79.12,81.22,45.38,1,686
SKU-000057,Apparel,11,83.44,81.57,45.38,1,673
SKU-000057,Apparel,12,78.38,86.2,45.38,0,414
SKU-000057,Apparel,13,69.61,64.48,45.38,0,517
SKU-000057,Apparel,14,77.9,79.57,45.38,0,436
SKU-000057,Apparel,15,81.77,82.73,45.38,0,503
SKU-000057,Apparel,16,90.81,80.33,45.38,0,426
SKU-000057,Apparel,17,92.95,91.32,45.38,0,337
SKU-000057,Apparel,18,70.15,80.3,45.38,0,439
SKU-000057,Apparel,19,69.48,94.39,45.38,0,623
SKU-000057,Apparel,20,70.54,88.73,45.38,0,521
SKU-000057,Apparel,21,88.14,93.89,45.38,0,335
SKU-000057,Apparel,22,72.44,83.12,45.38,0,444
SKU-000057,Apparel,23,88.7,82.99,45.38,0,368
SKU-000057,Apparel,24,89.09,92.83,45.38,1,446
SKU-000057,Apparel,25,86.57,87.84,45.38,0,456
SKU-000058,Apparel,0,158.74,177.56,100.6,0,1056
SKU-000058,Apparel,1,163.8,199.0,100.6,0,1099
SKU-000058,Apparel,2,162.36,192.54,100.6,0,1097
SKU-000058,Apparel,3,123.82,162.03,100.6,0,1536
SKU-000058,Apparel,4,171.66,184.67,100.6,0,867
SKU-000058,Apparel,5,168.9,165.79,100.6,0,854
SKU-000058,Apparel,6,145.56,152.2,100.6,0,1251
SKU-000058,Apparel,7,185.69,151.28,100.6,0,751
SKU-000058,Apparel,8,185.53,178.35,100.6,0,710
SKU-000058,Apparel,9,173.65,165.64,100.6,0,1155
SKU-000058,Apparel,10,172.45,157.29,100.6,0,975
SKU-000058,Apparel,11,179.89,173.76,100.6,0,948
SKU-000058,Apparel,12,175.03,152.64,100.6,0,852
SKU-000058,Apparel,13,173.07,174.96,100.6,0,687
SKU-000058,Apparel,14,154.74,163.22,100.6,1,1293
SKU-000058,Apparel,15,208.09,167.05,100.6,0,490
SKU-000058,Apparel,16,204.85,173.38,100.6,0,529
SKU-000058,Apparel,17,172.05,167.46,100.6,0,677
SKU-000058,Apparel,18,163.3,165.05,100.6,0,809
SKU-000058,Apparel,19,188.33,179.95,100.6,1,875
SKU-000058,Apparel,20,186.88,179.14,100.6,0,562
SKU-000058,Apparel,21,162.81,163.03,100.6,0,857
SKU-000058,Apparel,22,197.36,188.01,100.6,0,757
SKU-000058,Apparel,23,144.13,190.82,100.6,0,1078
SKU-000058,Apparel,24,172.56,179.46,100.6,0,900
SKU-000058,Apparel,25,158.91,163.07,100.6,0,921
SKU-000059,Apparel,0,116.42,119.32,70.38,0,631
SKU-000059,Apparel,1,108.57,120.12,70.38,0,708
SKU-000059,Apparel,2,137.41,138.94,70.38,0,778
SKU-000059,Apparel,3,150.66,113.31,70.38,0,475
SKU-000059,Apparel,4,136.26,100.04,70.38,0,557
SKU-000059,Apparel,5,131.51,135.96,70.38,0,686
SKU-000059,Apparel,6,125.33,132.91,70.38,0,839
SKU-000059,Apparel,7,116.04,134.06,70.38,0,949
SKU-000059,Apparel,8,123.22,124.85,70.38,0,645
SKU-000059,Apparel,9,121.43,115.08,70.38,0,862
SKU-000059,Apparel,10,108.47,105.8,70.38,0,789
SKU-000059,Apparel,11,114.19,152.14,70.38,0,774
SKU-000059,Apparel,12,121.93,129.6,70.38,0,734
SKU-000059,Apparel,13,110.59,121.76,70.38,0,624
SKU-000059,Apparel,14,124.78,139.2,70.38,0,636
SKU-000059,Apparel,15,114.76,128.31,70.38,0,701
SKU-000059,Apparel,16,139.0,128.79,70.38,0,482
SKU-000059,Apparel,17,137.46,123.47,70.38,0,569
SKU-000059,Apparel,18,134.52,117.09,70.38,1,457
SKU-000059,Apparel,19,121.04,128.45,70.38,0,564
SKU-000059,Apparel,20,134.21,146.61,70.38,0,464
SKU-000059,Apparel,21,99.23,125.16,70.38,0,999
SKU-000059,Apparel,22,126.86,120.29,70.38,0,536
SKU-000059,Apparel,23,126.78,133.09,70.38,0,751
SKU-000059,Apparel,24,127.65,132.01,70.38,0,715
SKU-000059,Apparel,25,117.8,111.43,70.38,1,987
SKU-000060,Apparel,0,109.49,105.9,47.34,1,658
SKU-000060,Apparel,1,86.95,76.44,47.34,1,769
SKU-000060,Apparel,2,83.96,83.41,47.34,0,603
SKU-000060,Apparel,3,87.46,82.84,47.34,0,718
SKU-000060,Apparel,4,72.76,79.09,47.34,0,849
SKU-000060,Apparel,5,88.7,86.15,47.34,0,631
SKU-000060,Apparel,6,88.95,85.09,47.34,0,725
SKU-000060,Apparel,7,83.77,95.38,47.34,1,1155
SKU-000060,Apparel,8,80.5,88.42,47.34,0,828
SKU-000060,Apparel,9,90.75,91.0,47.34,0,622
SKU-000060,Apparel,10,91.29,92.56,47.34,0,626
SKU-000060,Apparel,11,87.24,72.98,47.34,0,554
SKU-000060,Apparel,12,93.75,94.21,47.34,0,496
SKU-000060,Apparel,13,89.0,92.62,47.34,0,531
SKU-000060,Apparel,14,76.06,79.59,47.34,0,795
SKU-000060,Apparel,15,87.43,101.74,47.34,0,656
SKU-000060,Apparel,16,79.12,90.21,47.34,0,563
SKU-000060,Apparel,17,74.58,80.61,47.34,0,628
SKU-000060,Apparel,18,73.71,86.1,47.34,0,601
SKU-000060,Apparel,19,102.61,80.5,47.34,0,401
SKU-000060,Apparel,20,78.64,84.67,47.34,0,592
SKU-000060,Apparel,21,91.3,85.85,47.34,0,494
SKU-000060,Apparel,22,75.38,83.85,47.34,0,640
SKU-000060,Apparel,23,93.74,84.91,47.34,1,809
SKU-000060,Apparel,24,91.09,84.51,47.34,0,476
SKU-000060,Apparel,25,85.29,79.06,47.34,0,627
SKU-000061,Apparel,0,105.26,90.07,54.84,0,131
SKU-000061,Apparel,1,114.39,92.25,54.84,0,87
SKU-000061,Apparel,2,114.15,108.01,54.84,0,99
SKU-000061,Apparel,3,115.49,105.8,54.84,1,118
SKU-000061,Apparel,4,91.82,92.49,54.84,0,208
SKU-000061,Apparel,5,101.37,95.13,54.84,0,160
SKU-000061,Apparel,6,84.3,81.67,54.84,1,275
SKU-000061,Apparel,7,82.57,92.35,54.84,0,218
SKU-000061,Apparel,8,105.28,83.49,54.84,1,212
SKU-000061,Apparel,9,103.04,105.98,54.84,0,133
SKU-000061,Apparel,10,92.51,108.28,54.84,0,208
SKU-000061,Apparel,11,95.32,90.52,54.84,0,146
SKU-000061,Apparel,12,88.43,95.33,54.84,0,234
SKU-000061,Apparel,13,97.12,109.97,54.84,0,148
SKU-000061,Apparel,14,111.23,108.31,54.84,0,116
SKU-000061,Apparel,15,105.23,115.67,54.84,0,117
SKU-000061,Apparel,16,101.38,120.0,54.84,0,124
SKU-000061,Apparel,17,108.45,96.83,54.84,0,91
SKU-000061,Apparel,18,99.14,94.88,54.84,0,113
SKU-000061,Apparel,19,86.05,93.76,54.84,0,191
SKU-000061,Apparel,20,91.49,112.78,54.84,0,208
SKU-000061,Apparel,21,98.03,106.95,54.84,0,114
SKU-000061,Apparel,22,91.88,109.67,54.84,0,167
SKU-000061,Apparel,23,92.15,89.98,54.84,0,167
SKU-000061,Apparel,24,98.62,113.52,54.84,0,162
SKU-000061,Apparel,25,95.65,97.86,54.84,0,135
SKU-000062,Apparel,0,26.53,25.03,15.51,0,418
SKU-000062,Apparel,1,34.3,24.69,15.51,1,478
SKU-000062,Apparel,2,26.72,33.53,15.51,0,543
SKU-000062,Apparel,3,25.86,30.92,15.51,0,579
SKU-000062,Apparel,4,33.9,29.25,15.51,0,345
SKU-000062,Apparel,5,33.75,27.1,15.51,0,282
SKU-000062,Apparel,6,28.25,22.84,15.51,0,406
SKU-000062,Apparel,7,26.63,24.45,15.51,0,507
SKU-000062,Apparel,8,25.8,24.03,15.51,0,494
SKU-000062,Apparel,9,30.36,31.15,15.51,0,366
SKU-000062,Apparel,10,30.41,27.78,15.51,0,398
SKU-000062,Apparel,11,29.0,27.02,15.51,0,383
SKU-000062,Apparel,12,26.88,30.17,15.51,1,549
SKU-000062,Apparel,13,27.55,25.36,15.51,0,344
SKU-000062,Apparel,14,23.43,27.31,15.51,0,683
SKU-000062,Apparel,15,27.86,29.83,15.51,0,411
SKU-000062,Apparel,16,25.13,30.09,15.51,0,402
SKU-000062,Apparel,17,27.02,26.52,15.51,0,455
SKU-000062,Apparel,18,27.28,27.29,15.51,0,411
SKU-000062,Apparel,19,27.63,30.64,15.51,0,346
SKU-000062,Apparel,20,29.61,24.84,15.51,0,303
SKU-000062,Apparel,21,30.14,30.9,15.51,0,329
SKU-000062,Apparel,22,28.53,27.75,15.51,0,389
SKU-000062,Apparel,23,26.55,27.73,15.51,0,435
SKU-000062,Apparel,24,26.51,29.86,15.51,0,478
SKU-000062,Apparel,25,25.61,26.5,15.51,0,547
SKU-000063,Apparel,0,65.74,61.64,38.82,0,408
SKU-000063,Apparel,1,67.84,65.28,38.82,0,394
SKU-000063,Apparel,2,62.53,63.62,38.82,0,374
SKU-000063,Apparel,3,55.67,68.41,38.82,0,469
SKU-000063,Apparel,4,56.64,63.33,38.82,0,633
SKU-000063,Apparel,5,66.62,51.54,38.82,0,392
SKU-000063,Apparel,6,54.48,62.04,38.82,0,512
SKU-000063,Apparel,7,61.22,64.19,38.82,0,520
SKU-000063,Apparel,8,54.8,65.7,38.82,0,657
SKU-000063,Apparel,9,76.06,71.47,38.82,0,412
SKU-000063,Apparel,10,60.22,64.81,38.82,0,403
SKU-000063,Apparel,11,61.48,58.54,38.82,1,665
SKU-000063,Apparel,12,63.92,61.7,38.82,0,453
SKU-000063,Apparel,13,62.27,62.51,38.82,0,398
SKU-000063,Apparel,14,60.23,61.33,38.82,0,357
SKU-000063,Apparel,15,58.94,68.22,38.82,1,662
SKU-000063,Apparel,16,56.74,64.73,38.82,1,660
SKU-000063,Apparel,17,52.78,61.5,38.82,0,459
SKU-000063,Apparel,18,48.55,67.71,38.82,0,534
SKU-000063,Apparel,19,61.85,60.9,38.82,0,349
SKU-000063,Apparel,20,52.68,58.36,38.82,0,483
SKU-000063,Apparel,21,67.07,58.67,38.82,0,358
SKU-000063,Apparel,22,62.54,66.33,38.82,0,428
SKU-000063,Apparel,23,64.85,64.96,38.82,0,350
SKU-000063,Apparel,24,67.39,71.79,38.82,1,581
SKU-000063,Apparel,25,62.06,57.91,38.82,0,389
SKU-000064,Apparel,0,84.88,104.91,54.09,1,1078
SKU-000064,Apparel,1,83.19,105.92,54.09,0,1037
SKU-000064,Apparel,2,82.35,84.82,54.09,0,861
SKU-000064,Apparel,3,81.33,102.55,54.09,0,1036
SKU-000064,Apparel,4,98.62,86.79,54.09,0,724
SKU-000064,Apparel,5,101.41,106.36,54.09,0,612
SKU-000064,Apparel,6,95.31,91.14,54.09,0,539
SKU-000064,Apparel,7,93.34,107.47,54.09,0,668
SKU-000064,Apparel,8,115.81,109.16,54.09,0,356
SKU-000064,Apparel,9,110.89,109.22,54.09,0,563
SKU-000064,Apparel,10,89.55,96.21,54.09,0,719
SKU-000064,Apparel,11,96.02,110.31,54.09,0,605
SKU-000064,Apparel,12,97.8,100.26,54.09,1,777
SKU-000064,Apparel,13,111.93,105.05,54.09,0,395
SKU-000064,Apparel,14,87.97,92.74,54.09,0,526
SKU-000064,Apparel,15,102.01,105.72,54.09,0,471
SKU-000064,Apparel,16,98.93,92.44,54.09,1,915
SKU-000064,Apparel,17,74.38,101.39,54.09,0,821
SKU-000064,Apparel,18,94.68,87.1,54.09,0,473
SKU-000064,Apparel,19,95.91,97.91,54.09,0,638
SKU-000064,Apparel,20,85.87,95.24,54.09,0,552
SKU-000064,Apparel,21,113.72,97.91,54.09,1,431
SKU-000064,Apparel,22,102.76,92.78,54.09,0,377
SKU-000064,Apparel,23,92.23,97.77,54.09,0,622
SKU-000064,Apparel,24,86.72,99.41,54.09,0,839
SKU-000064,Apparel,25,102.02,105.07,54.09,0,465
SKU-000065,Apparel,0,21.11,20.25,12.19,0,977
SKU-000065,Apparel,1,27.48,24.42,12.19,0,640
SKU-000065,Apparel,2,23.17,24.05,12.19,0,991
SKU-000065,Apparel,3,22.62,23.93,12.19,0,859
SKU-000065,Apparel,4,26.7,23.59,12.19,0,1093
SKU-000065,Apparel,5,25.8,24.38,12.19,0,899
SKU-000065,Apparel,6,23.88,23.07,12.19,0,1079
SKU-000065,Apparel,7,24.72,22.06,12.19,1,1414
SKU-000065,Apparel,8,23.92,22.55,12.19,0,972
SKU-000065,Apparel,9,22.39,23.25,12.19,0,1141
SKU-000065,Apparel,10,21.46,22.23,12.19,0,1007
SKU-000065,Apparel,11,23.69,23.35,12.19,0,722
SKU-000065,Apparel,12,21.48,23.54,12.19,0,1235
SKU-000065,Apparel,13,23.36,23.41,12.19,0,827
SKU-000065,Apparel,14,27.71,22.47,12.19,0,573
SKU-000065,Apparel,15,26.31,22.48,12.19,0,681
SKU-000065,Apparel,16,26.21,22.74,12.19,0,594
SKU-000065,Apparel,17,26.78,21.57,12.19,0,552
SKU-000065,Apparel,18,21.21,23.35,12.19,0,833
SKU-000065,Apparel,19,28.14,23.95,12.19,0,523
SKU-000065,Apparel,20,23.1,25.21,12.19,0,687
SKU-000065,Apparel,21,21.39,21.14,12.19,0,817
SKU-000065,Apparel,22,27.4,21.23,12.19,0,592
SKU-000065,Apparel,23,21.04,19.77,12.19,0,889
SKU-000065,Apparel,24,21.12,23.96,12.19,0,1036
SKU-000065,Apparel,25,28.62,25.33,12.19,1,842
SKU-000066,Apparel,0,37.32,36.79,21.03,0,621
SKU-000066,Apparel,1,38.01,37.87,21.03,0,740
SKU-000066,Apparel,2,35.68,34.12,21.03,0,884
SKU-000066,Apparel,3,34.71,40.95,21.03,0,691
SKU-000066,Apparel,4,32.84,33.85,21.03,0,875
SKU-000066,Apparel,5,33.99,36.65,21.03,0,835
SKU-000066,Apparel,6,33.41,37.33,21.03,0,904
SKU-000066,Apparel,7,39.66,36.82,21.03,0,649
SKU-000066,Apparel,8,31.16,41.14,21.03,0,1062
SKU-000066,Apparel,9,29.2,34.36,21.03,0,872
SKU-000066,Apparel,10,35.4,35.79,21.03,0,839
SKU-000066,Apparel,11,36.04,33.53,21.03,0,578
SKU-000066,Apparel,12,34.66,33.92,21.03,0,692
SKU-000066,Apparel,13,33.87,37.04,21.03,0,751
SKU-000066,Apparel,14,40.16,33.34,21.03,0,579
SKU-000066,Apparel,15,35.95,30.37,21.03,0,548
SKU-000066,Apparel,16,38.32,37.08,21.03,0,666
SKU-000066,Apparel,17,36.38,38.64,21.03,0,512
SKU-000066,Apparel,18,35.47,41.17,21.03,1,868
SKU-000066,Apparel,19,38.38,34.77,21.03,1,524
SKU-000066,Apparel,20,38.85,33.12,21.03,1,672
SKU-000066,Apparel,21,32.48,37.58,21.03,0,671
SKU-000066,Apparel,22,32.33,36.93,21.03,0,691
SKU-000066,Apparel,23,38.2,34.44,21.03,1,638
SKU-000066,Apparel,24,39.66,33.34,21.03,0,542
SKU-000066,Apparel,25,35.32,33.48,21.03,0,672
SKU-000067,Apparel,0,187.64,133.13,91.86,0,272
SKU-000067,Apparel,1,161.44,156.01,91.86,0,280
SKU-000067,Apparel,2,151.21,149.42,91.86,0,419
SKU-000067,Apparel,3,160.66,156.51,91.86,0,455
SKU-000067,Apparel,4,147.2,138.69,91.86,0,554
SKU-000067,Apparel,5,152.29,152.23,91.86,0,406
SKU-000067,Apparel,6,172.24,156.73,91.86,0,384
SKU-000067,Apparel,7,114.92,157.75,91.86,0,831
SKU-000067,Apparel,8,132.77,146.19,91.86,1,854
SKU-000067,Apparel,9,161.04,142.04,91.86,0,463
SKU-000067,Apparel,10,154.66,173.36,91.86,1,701
SKU-000067,Apparel,11,144.0,147.77,91.86,0,520
SKU-000067,Apparel,12,174.45,143.25,91.86,0,305
SKU-000067,Apparel,13,175.48,159.04,91.86,1,473
SKU-000067,Apparel,14,163.13,153.97,91.86,0,388
SKU-000067,Apparel,15,152.34,177.92,91.86,0,387
SKU-000067,Apparel,16,141.59,169.44,91.86,0,375
SKU-000067,Apparel,17,155.15,150.12,91.86,0,292
SKU-000067,Apparel,18,159.13,162.76,91.86,1,459
SKU-000067,Apparel,19,167.11,173.67,91.86,0,266
SKU-000067,Apparel,20,131.69,156.47,91.86,0,436
SKU-000067,Apparel,21,143.83,148.87,91.86,1,602
SKU-000067,Apparel,22,142.05,180.44,91.86,0,432
SKU-000067,Apparel,23,158.85,175.63,91.86,0,309
SKU-000067,Apparel,24,145.06,143.74,91.86,0,383
SKU-000067,Apparel,25,155.67,156.78,91.86,0,421
SKU-000068,Apparel,0,29.18,29.65,15.99,0,834
SKU-000068,Apparel,1,30.02,26.36,15.99,0,810
SKU-000068,Apparel,2,27.94,31.63,15.99,0,934
SKU-000068,Apparel,3,26.64,31.25,15.99,0,943
SKU-000068,Apparel,4,28.51,31.1,15.99,0,1086
SKU-000068,Apparel,5,32.7,25.18,15.99,0,608
SKU-000068,Apparel,6,26.15,26.61,15.99,0,863
SKU-000068,Apparel,7,29.0,25.72,15.99,0,827
SKU-000068,Apparel,8,28.66,26.41,15.99,0,1075
SKU-000068,Apparel,9,29.41,26.44,15.99,0,849
SKU-000068,Apparel,10,34.15,28.72,15.99,1,1031
SKU-000068,Apparel,11,36.37,30.53,15.99,1,719
SKU-000068,Apparel,12,34.0,29.95,15.99,0,601
SKU-000068,Apparel,13,27.42,28.22,15.99,1,1422
SKU-000068,Apparel,14,32.79,24.94,15.99,0,547
SKU-000068,Apparel,15,25.82,31.01,15.99,0,821
SKU-000068,Apparel,16,33.73,29.96,15.99,0,699
SKU-000068,Apparel,17,25.27,32.36,15.99,1,1454
SKU-000068,Apparel,18,31.13,30.53,15.99,0,573
SKU-000068,Apparel,19,29.2,31.57,15.99,0,886
SKU-000068,Apparel,20,26.18,34.54,15.99,0,1153
SKU-000068,Apparel,21,28.1,33.35,15.99,0,876
SKU-000068,Apparel,22,30.09,23.79,15.99,0,487
SKU-000068,Apparel,23,28.99,28.52,15.99,0,811
SKU-000068,Apparel,24,32.55,27.44,15.99,0,517
SKU-000068,Apparel,25,25.57,25.18,15.99,0,789
SKU-000069,Apparel,0,46.33,52.55,31.24,0,387
SKU-000069,Apparel,1,58.74,49.53,31.24,1,432
SKU-000069,Apparel,2,48.64,69.13,31.24,0,471
SKU-000069,Apparel,3,50.01,49.15,31.24,0,501
SKU-000069,Apparel,4,46.74,61.38,31.24,0,494
SKU-000069,Apparel,5,58.78,56.13,31.24,0,353
SKU-000069,Apparel,6,51.82,50.41,31.24,0,471
SKU-000069,Apparel,7,46.67,48.75,31.24,0,666
SKU-000069,Apparel,8,49.34,55.86,31.24,0,564
SKU-000069,Apparel,9,49.67,55.05,31.24,0,500
SKU-000069,Apparel,10,63.97,57.32,31.24,0,342
SKU-000069,Apparel,11,51.69,59.32,31.24,0,451
SKU-000069,Apparel,12,50.32,50.21,31.24,0,572
SKU-000069,Apparel,13,52.53,51.82,31.24,0,437
SKU-000069,Apparel,14,58.94,52.46,31.24,0,340
SKU-000069,Apparel,15,52.62,47.27,31.24,1,510
SKU-000069,Apparel,16,47.6,49.84,31.24,0,526
SKU-000069,Apparel,17,55.94,55.58,31.24,0,398
SKU-000069,Apparel,18,51.33,54.34,31.24,1,510
SKU-000069,Apparel,19,57.19,60.56,31.24,0,304
SKU-000069,Apparel,20,60.07,59.9,31.24,1,426
SKU-000069,Apparel,21,53.95,54.09,31.24,0,332
SKU-000069,Apparel,22,59.79,60.86,31.24,0,276
SKU-000069,Apparel,23,59.41,70.04,31.24,0,302
SKU-000069,Apparel,24,63.39,48.83,31.24,0,231
SKU-000069,Apparel,25,61.12,59.64,31.24,0,342
SKU-000070,Apparel,0,121.25,127.53,73.69,0,144
SKU-000070,Apparel,1,140.13,128.28,73.69,0,106
SKU-000070,Apparel,2,140.2,144.76,73.69,0,124
SKU-000070,Apparel,3,144.43,147.09,73.69,0,119
SKU-000070,Apparel,4,125.82,141.94,73.69,0,128
SKU-000070,Apparel,5,157.64,133.61,73.69,0,120
SKU-000070,Apparel,6,141.2,134.97,73.69,0,113
SKU-000070,Apparel,7,125.86,151.59,73.69,0,195
SKU-000070,Apparel,8,127.51,150.22,73.69,0,181
SKU-000070,Apparel,9,131.12,116.1,73.69,0,131
SKU-000070,Apparel,10,136.14,139.13,73.69,1,220
SKU-000070,Apparel,11,127.67,166.16,73.69,0,162
SKU-000070,Apparel,12,157.94,136.72,73.69,0,88
SKU-000070,Apparel,13,124.6,130.44,73.69,0,152
SKU-000070,Apparel,14,125.7,151.17,73.69,0,130
SKU-000070,Apparel,15,147.92,117.74,73.69,1,92
SKU-000070,Apparel,16,118.54,147.0,73.69,0,140
SKU-000070,Apparel,17,133.85,131.65,73.69,0,99
SKU-000070,Apparel,18,123.63,134.03,73.69,0,129
SKU-000070,Apparel,19,143.55,142.17,73.69,0,87
SKU-000070,Apparel,20,154.88,133.47,73.69,0,64
SKU-000070,Apparel,21,133.39,134.08,73.69,0,126
SKU-000070,Apparel,22,119.81,147.91,73.69,0,103
SKU-000070,Apparel,23,141.04,131.43,73.69,0,99
SKU-000070,Apparel,24,128.66,156.78,73.69,0,108
SKU-000070,Apparel,25,116.46,166.32,73.69,1,210
SKU-000071,Apparel,0,44.84,51.53,32.45,0,789
SKU-000071,Apparel,1,55.83,48.14,32.45,0,570
SKU-000071,Apparel,2,54.28,52.09,32.45,1,1106
SKU-000071,Apparel,3,50.9,48.88,32.45,0,721
SKU-000071,Apparel,4,52.54,53.2,32.45,0,707
SKU-000071,Apparel,5,64.14,51.46,32.45,0,524
SKU-000071,Apparel,6,53.81,49.89,32.45,0,685
SKU-000071,Apparel,7,56.66,58.13,32.45,0,680
SKU-000071,Apparel,8,50.08,47.73,32.45,0,896
SKU-000071,Apparel,9,52.93,49.27,32.45,0,772
SKU-000071,Apparel,10,54.31,51.59,32.45,0,689
SKU-000071,Apparel,11,47.53,42.63,32.45,0,821
SKU-000071,Apparel,12,46.95,59.42,32.45,0,1123
SKU-000071,Apparel,13,51.25,51.41,32.45,0,806
SKU-000071,Apparel,14,60.53,48.59,32.45,0,380
SKU-000071,Apparel,15,50.59,56.61,32.45,0,970
SKU-000071,Apparel,16,55.74,50.8,32.45,0,596
SKU-000071,Apparel,17,61.56,47.48,32.45,0,451
SKU-000071,Apparel,18,50.25,56.58,32.45,0,686
SKU-000071,Apparel,19,51.97,53.55,32.45,0,516
SKU-000071,Apparel,20,43.6,46.58,32.45,0,791
SKU-000071,Apparel,21,54.94,53.97,32.45,0,457
SKU-000071,Apparel,22,48.64,54.48,32.45,1,924
SKU-000071,Apparel,23,49.76,54.75,32.45,1,798
SKU-000071,Apparel,24,50.1,51.37,32.45,0,656
SKU-000071,Apparel,25,50.79,50.41,32.45,1,1306
SKU-000072,Apparel,0,19.29,17.89,9.93,0,151
SKU-000072,Apparel,1,16.64,16.77,9.93,0,261
SKU-000072,Apparel,2,18.92,16.15,9.93,1,249
SKU-000072,Apparel,3,22.61,18.92,9.93,0,125
SKU-000072,Apparel,4,16.46,18.08,9.93,0,196
SKU-000072,Apparel,5,19.98,17.66,9.93,0,172
SKU-000072,Apparel,6,21.13,21.34,9.93,0,109
SKU-000072,Apparel,7,19.27,19.48,9.93,0,171
SKU-000072,Apparel,8,19.81,17.59,9.93,0,185
SKU-000072,Apparel,9,19.18,19.22,9.93,1,219
SKU-000072,Apparel,10,20.06,19.46,9.93,0,169
SKU-000072,Apparel,11,16.76,20.97,9.93,0,232
SKU-000072,Apparel,12,17.18,16.87,9.93,0,140
SKU-000072,Apparel,13,21.67,18.21,9.93,0,91
SKU-000072,Apparel,14,18.85,19.08,9.93,0,127
SKU-000072,Apparel,15,16.73,19.01,9.93,0,223
SKU-000072,Apparel,16,17.09,18.36,9.93,0,150
SKU-000072,Apparel,17,16.39,19.42,9.93,1,242
SKU-000072,Apparel,18,20.6,18.37,9.93,0,96
SKU-000072,Apparel,19,20.45,19.27,9.93,0,111
SKU-000072,Apparel,20,20.38,18.39,9.93,1,142
SKU-000072,Apparel,21,18.68,18.76,9.93,0,165
SKU-000072,Apparel,22,17.67,16.6,9.93,0,178
SKU-000072,Apparel,23,21.04,17.37,9.93,0,111
SKU-000072,Apparel,24,20.72,22.17,9.93,0,104
SKU-000072,Apparel,25,20.06,17.98,9.93,0,99
SKU-000073,Apparel,0,57.44,49.61,27.79,0,410
SKU-000073,Apparel,1,53.12,49.79,27.79,0,355
SKU-000073,Apparel,2,59.49,46.08,27.79,0,293
SKU-000073,Apparel,3,49.68,46.29,27.79,0,518
SKU-000073,Apparel,4,51.0,53.73,27.79,0,489
SKU-000073,Apparel,5,55.96,48.94,27.79,1,537
SKU-000073,Apparel,6,49.72,52.77,27.79,0,639
SKU-000073,Apparel,7,44.34,45.07,27.79,1,1033
SKU-000073,Apparel,8,56.41,50.92,27.79,1,552
SKU-000073,Apparel,9,49.38,59.35,27.79,0,582
SKU-000073,Apparel,10,44.97,55.42,27.79,0,638
SKU-000073,Apparel,11,49.43,50.92,27.79,0,515
SKU-000073,Apparel,12,54.51,48.42,27.79,0,292
SKU-000073,Apparel,13,48.06,52.2,27.79,0,397
SKU-000073,Apparel,14,54.47,49.22,27.79,0,307
SKU-000073,Apparel,15,51.25,48.56,27.79,1,561
SKU-000073,Apparel,16,54.09,54.62,27.79,0,325
SKU-000073,Apparel,17,53.27,57.16,27.79,0,336
SKU-000073,Apparel,18,48.83,52.96,27.79,1,493
SKU-000073,Apparel,19,53.35,57.87,27.79,0,331
SKU-000073,Apparel,20,44.16,51.74,27.79,0,575
SKU-000073,Apparel,21,59.09,50.12,27.79,0,263
SKU-000073,Apparel,22,54.07,50.83,27.79,0,310
SKU-000073,Apparel,23,54.17,55.43,27.79,0,459
SKU-000073,Apparel,24,55.26,48.02,27.79,0,264
SKU-000073,Apparel,25,45.94,54.8,27.79,0,519
SKU-000074,Apparel,0,90.72,103.57,51.65,0,234
SKU-000074,Apparel,1,107.83,85.01,51.65,0,123
SKU-000074,Apparel,2,100.38,91.84,51.65,0,187
SKU-000074,Apparel,3,92.99,97.26,51.65,0,191
SKU-000074,Apparel,4,102.22,86.86,51.65,0,167
SKU-000074,Apparel,5,96.43,90.56,51.65,0,155
SKU-000074,Apparel,6,90.57,81.77,51.65,0,193
SKU-000074,Apparel,7,87.01,101.72,51.65,0,254
SKU-000074,Apparel,8,86.23,88.91,51.65,0,146
SKU-000074,Apparel,9,92.84,99.17,51.65,0,221
SKU-000074,Apparel,10,90.35,94.29,51.65,0,200
SKU-000074,Apparel,11,86.41,99.12,51.65,0,149
SKU-000074,Apparel,12,113.36,93.57,51.65,0,118
SKU-000074,Apparel,13,96.7,89.14,51.65,0,178
SKU-000074,Apparel,14,90.5,77.0,51.65,0,139
SKU-000074,Apparel,15,83.08,93.55,51.65,0,175
SKU-000074,Apparel,16,95.18,82.71,51.65,1,194
SKU-000074,Apparel,17,101.19,95.29,51.65,0,135
SKU-000074,Apparel,18,96.89,88.87,51.65,0,123
SKU-000074,Apparel,19,95.55,90.72,51.65,0,110
SKU-000074,Apparel,20,85.05,84.57,51.65,1,305
SKU-000074,Apparel,21,102.78,104.12,51.65,0,120
SKU-000074,Apparel,22,100.11,90.38,51.65,0,128
SKU-000074,Apparel,23,99.92,87.53,51.65,0,141
SKU-000074,Apparel,24,98.67,87.76,51.65,0,137
SKU-000074,Apparel,25,78.23,102.99,51.65,0,280
SKU-000075,Apparel,0,37.03,36.22,18.54,0,103
SKU-000075,Apparel,1,35.04,33.34,18.54,0,130
SKU-000075,Apparel,2,39.46,32.82,18.54,0,95
SKU-000075,Apparel,3,31.84,34.27,18.54,0,178
SKU-000075,Apparel,4,31.82,39.62,18.54,0,194
SKU-000075,Apparel,5,37.2,33.55,18.54,0,130
SKU-000075,Apparel,6,30.94,38.57,18.54,0,196
SKU-000075,Apparel,7,35.36,37.53,18.54,1,207
SKU-000075,Apparel,8,36.27,33.88,18.54,0,141
SKU-000075,Apparel,9,39.07,35.66,18.54,0,99
SKU-000075,Apparel,10,32.19,32.91,18.54,0,184
SKU-000075,Apparel,11,32.18,33.54,18.54,0,130
SKU-000075,Apparel,12,29.57,37.89,18.54,0,204
SKU-000075,Apparel,13,40.01,36.63,18.54,0,83
SKU-000075,Apparel,14,33.46,29.67,18.54,0,99
SKU-000075,Apparel,15,31.62,33.69,18.54,0,129
SKU-000075,Apparel,16,31.63,31.91,18.54,0,139
SKU-000075,Apparel,17,37.8,34.52,18.54,0,137
SKU-000075,Apparel,18,39.51,33.64,18.54,0,83
SKU-000075,Apparel,19,44.72,38.85,18.54,0,74
SKU-000075,Apparel,20,33.41,35.15,18.54,1,185
SKU-000075,Apparel,21,35.48,34.69,18.54,0,103
SKU-000075,Apparel,22,33.87,36.48,18.54,0,122
SKU-000075,Apparel,23,34.63,41.2,18.54,0,173
SKU-000075,Apparel,24,46.8,35.34,18.54,0,90
SKU-000075,Apparel,25,31.16,33.95,18.54,0,135
SKU-000076,Apparel,0,128.07,137.7,77.73,0,1021
SKU-000076,Apparel,1,133.98,134.57,77.73,0,883
SKU-000076,Apparel,2,150.9,139.05,77.73,0,687
SKU-000076,Apparel,3,137.14,132.81,77.73,0,1177
SKU-000076,Apparel,4,119.95,147.23,77.73,1,2073
SKU-000076,Apparel,5,130.89,112.54,77.73,1,1375
SKU-000076,Apparel,6,146.05,136.27,77.73,0,972
SKU-000076,Apparel,7,132.18,167.16,77.73,0,965
SKU-000076,Apparel,8,138.57,143.47,77.73,0,962
SKU-000076,Apparel,9,136.78,129.18,77.73,0,995
SKU-000076,Apparel,10,130.08,146.26,77.73,0,1079
SKU-000076,Apparel,11,132.65,151.29,77.73,0,991
SKU-000076,Apparel,12,138.65,151.71,77.73,0,860
SKU-000076,Apparel,13,126.97,127.12,77.73,0,980
SKU-000076,Apparel,14,149.18,147.26,77.73,0,917
SKU-000076,Apparel,15,135.11,141.41,77.73,0,870
SKU-000076,Apparel,16,130.92,129.45,77.73,0,711
SKU-000076,Apparel,17,132.58,112.13,77.73,0,662
SKU-000076,Apparel,18,161.5,139.3,77.73,1,571
SKU-000076,Apparel,19,130.04,124.96,77.73,1,1211
SKU-000076,Apparel,20,137.37,138.9,77.73,0,724
SKU-000076,Apparel,21,144.7,143.63,77.73,1,960
SKU-000076,Apparel,22,159.32,132.44,77.73,1,1119
SKU-000076,Apparel,23,137.2,135.52,77.73,0,675
SKU-000076,Apparel,24,155.85,133.82,77.73,0,573
SKU-000076,Apparel,25,147.8,139.22,77.73,1,905
SKU-000077,Apparel,0,136.64,127.63,72.93,0,149
SKU-000077,Apparel,1,111.21,118.21,72.93,0,190
SKU-000077,Apparel,2,136.14,127.99,72.93,0,125
SKU-000077,Apparel,3,138.74,115.27,72.93,0,150
SKU-000077,Apparel,4,136.98,124.34,72.93,0,154
SKU-000077,Apparel,5,132.47,131.41,72.93,0,165
SKU-000077,Apparel,6,125.23,107.53,72.93,0,140
SKU-000077,Apparel,7,117.74,120.75,72.93,0,195
SKU-000077,Apparel,8,131.89,116.39,72.93,0,203
SKU-000077,Apparel,9,122.57,128.72,72.93,1,263
SKU-000077,Apparel,10,132.73,117.48,72.93,0,134
SKU-000077,Apparel,11,113.7,125.46,72.93,1,223
SKU-000077,Apparel,12,115.56,132.15,72.93,1,280
SKU-000077,Apparel,13,113.83,105.65,72.93,0,134
SKU-000077,Apparel,14,132.7,115.37,72.93,0,134
SKU-000077,Apparel,15,101.62,115.18,72.93,1,331
SKU-000077,Apparel,16,113.34,112.17,72.93,1,190
SKU-000077,Apparel,17,120.52,104.3,72.93,0,136
SKU-000077,Apparel,18,117.47,112.69,72.93,0,111
SKU-000077,Apparel,19,120.42,129.3,72.93,0,111
SKU-000077,Apparel,20,122.51,111.41,72.93,0,150
SKU-000077,Apparel,21,117.32,123.1,72.93,0,119
SKU-000077,Apparel,22,113.59,121.98,72.93,0,151
SKU-000077,Apparel,23,107.29,111.01,72.93,0,162
